date,min,max,median,q1,q3,stdev,count
2022-03-27T00:00:00.000Z,0.2,2.3,0.82,0.5,1.19,0.43,305
2022-03-28T00:00:00.000Z,0.1,4.5,0.95,0.55,2.08,1.148,569
2022-03-29T00:00:00.000Z,0.5,4.59,1.1,0.82,1.48,0.745,568
2022-03-30T00:00:00.000Z,0.3,7.57,1.58,0.7,2.2,1.242,563
2022-03-31T00:00:00.000Z,0.45,20.32,2.15,1,3.2,2.086,581
2022-04-01T00:00:00.000Z,0.45,8.5,2.94,1.44,5.4,2.09,548
2022-04-02T00:00:00.000Z,0.32,21.67,1.8,1.08,5.2,2.42,495
2022-04-03T00:00:00.000Z,0,2.8,0.7,0.3,1,0.466,574
2022-04-04T00:00:00.000Z,0.1,19,0.85,0.4,2.1,2.951,573
2022-04-05T00:00:00.000Z,0.2,1.95,0.7,0.5,0.9,0.272,568
2022-04-06T00:00:00.000Z,0.1,2.97,0.7,0.47,1.25,0.553,569
2022-04-07T00:00:00.000Z,0.28,12.13,1.4,1.05,1.98,1.976,580
2022-04-08T00:00:00.000Z,0.3,8.52,1.02,0.7,1.55,1.01,577
2022-04-09T00:00:00.000Z,0.4,5.78,0.95,0.8,1.12,0.496,563
2022-04-10T00:00:00.000Z,0,2.78,0.4,0.22,0.69,0.323,569
2022-04-11T00:00:00.000Z,0.3,14.98,0.65,0.5,1,1.389,570
2022-04-12T00:00:00.000Z,0,2.25,1.08,0.4,1.45,0.568,531
2022-04-13T00:00:00.000Z,0.35,7,1.25,0.9,1.52,0.615,570
2022-04-14T00:00:00.000Z,0.88,19.82,7,4.32,10.64,4.142,569
2022-04-15T00:00:00.000Z,0.1,4.47,0.6,0.3,1.2,0.83,564
2022-04-16T00:00:00.000Z,0.1,2.5,0.52,0.4,0.8,0.281,569
2022-04-17T00:00:00.000Z,0.28,107.8,0.7,0.5,1,6.181,568
2022-04-18T00:00:00.000Z,0.32,4.88,1.14,0.9,1.55,0.845,574
2022-04-19T00:00:00.000Z,0.3,2.45,0.95,0.7,1.25,0.373,568
2022-04-20T00:00:00.000Z,0.7,3.75,1.65,1.2,2.02,0.593,567
2022-04-21T00:00:00.000Z,0.4,2.27,1.1,0.9,1.3,0.284,571
2022-04-22T00:00:00.000Z,0.43,2.8,0.9,0.7,1.35,0.461,571
2022-04-23T00:00:00.000Z,0.38,4.55,0.9,0.75,1.02,0.356,570
2022-04-24T00:00:00.000Z,0.3,5.03,1.4,0.9,2.24,0.93,581
2022-04-25T00:00:00.000Z,0.43,5.82,1.6,1.2,2.4,0.72,550
2022-04-26T00:00:00.000Z,0.1,2.95,0.5,0.35,0.7,0.385,560
2022-04-27T00:00:00.000Z,0.17,2.04,0.8,0.52,1.2,0.422,559
2022-04-28T00:00:00.000Z,0.1,3.58,0.7,0.4,1.35,0.563,568
2022-04-29T00:00:00.000Z,0.1,36.88,0.6,0.4,0.93,1.578,568
2022-04-30T00:00:00.000Z,0.2,49.33,1.1,0.7,3.3,3.831,574
2022-05-01T00:00:00.000Z,0.1,4.03,0.76,0.4,1.6,1.067,520
2022-05-02T00:00:00.000Z,0,1.85,0.7,0.55,0.9,0.311,464
2022-05-03T00:00:00.000Z,0.1,2.1,0.7,0.5,1.08,0.371,535
2022-05-04T00:00:00.000Z,0.2,2.88,0.77,0.5,1.35,0.545,581
2022-05-05T00:00:00.000Z,1.1,5,1.98,1.73,2.25,0.672,561
2022-05-06T00:00:00.000Z,0.8,5.5,1.95,1.5,2.65,0.936,575
2022-05-07T00:00:00.000Z,0.47,13.05,1.25,0.9,4.3,3.207,579
2022-05-08T00:00:00.000Z,0.2,5.43,0.68,0.52,0.82,0.331,559
2022-05-09T00:00:00.000Z,0.45,3.45,1.1,0.85,1.4,0.372,527
2022-05-10T00:00:00.000Z,0.6,9.19,2.38,1.33,4.48,2.215,517
2022-05-11T00:00:00.000Z,0.93,9.5,2.47,1.83,3.25,1.409,518
2022-05-12T00:00:00.000Z,0.17,8.23,1.2,0.6,2.42,1.83,524
2022-05-13T00:00:00.000Z,0.3,2.8,1.23,0.8,1.73,0.551,528
2022-05-14T00:00:00.000Z,0.1,5.82,1,0.7,1.85,0.714,548
2022-05-15T00:00:00.000Z,0,47.6,0.4,0.2,0.55,2.133,533
2022-05-16T00:00:00.000Z,0.1,1.3,0.55,0.4,0.7,0.215,532
2022-05-17T00:00:00.000Z,0.2,2.15,0.7,0.52,0.9,0.315,538
2022-05-18T00:00:00.000Z,0.4,1.8,0.8,0.7,0.9,0.19,526
2022-05-19T00:00:00.000Z,0.4,7.63,1.52,0.98,2.4,1.444,523
2022-05-20T00:00:00.000Z,1.14,13.35,3.32,1.97,5.85,2.711,532
2022-05-21T00:00:00.000Z,0.9,2.8,1.63,1.38,1.88,0.372,529
2022-05-22T00:00:00.000Z,0.8,4,1.49,1.25,2.29,0.696,504
2022-05-23T00:00:00.000Z,0.77,9.43,1.55,1.25,2.29,0.838,534
2022-05-24T00:00:00.000Z,0.9,13.43,1.9,1.57,2.9,1.475,532
2022-05-25T00:00:00.000Z,0.5,11.48,1.42,1.02,4,2.356,507
2022-05-26T00:00:00.000Z,0.2,2.78,0.6,0.5,0.77,0.239,509
2022-05-27T00:00:00.000Z,0,11.38,0.54,0.3,1.14,0.912,490
2022-05-28T00:00:00.000Z,0.28,6.07,1.92,1.2,2.58,1.237,510
2022-05-29T00:00:00.000Z,0.1,5.5,0.6,0.4,0.98,0.782,455
2022-05-30T00:00:00.000Z,0.1,30.5,0.9,0.55,1.3,1.675,472
2022-05-31T00:00:00.000Z,1.7,10.77,4.2,3.22,6.63,2.269,488
2022-06-01T00:00:00.000Z,0.47,19.48,1.79,1.08,3.7,1.824,506
2022-06-02T00:00:00.000Z,2.25,11.48,4.26,3.55,5.82,1.675,178
2022-06-03T00:00:00.000Z,0.9,17.27,3.4,2.66,4.5,2.24,280
2022-06-04T00:00:00.000Z,0.3,3.28,1.5,0.83,1.98,0.687,429
2022-06-05T00:00:00.000Z,0.1,2.2,0.85,0.5,1.23,0.483,443
2022-06-06T00:00:00.000Z,0.2,1.65,0.5,0.42,0.8,0.274,344
2022-06-07T00:00:00.000Z,0.4,7.03,1.42,0.85,2.5,1.109,535
2022-06-08T00:00:00.000Z,0.1,27.45,1,0.6,7.8,7.65,518
2022-06-09T00:00:00.000Z,0.77,2.58,1.4,1.17,1.73,0.372,504
2022-06-10T00:00:00.000Z,1,11.27,2.2,1.58,3.24,1.565,477
2022-06-11T00:00:00.000Z,1.1,9.5,2.17,1.7,2.82,0.822,469
2022-06-12T00:00:00.000Z,0.5,3.95,1.83,1.5,2.6,0.674,491
2022-06-13T00:00:00.000Z,0.4,3.15,0.99,0.7,2.02,0.725,474
2022-06-14T00:00:00.000Z,0.2,6.78,0.7,0.5,1.83,0.921,341
2022-06-15T00:00:00.000Z,0.1,6.3,0.82,0.4,1.7,0.882,502
2022-06-16T00:00:00.000Z,0,3.1,0.82,0.5,1.35,0.685,502
2022-06-17T00:00:00.000Z,0,4.09,0.8,0.4,1.2,0.764,444
2022-06-18T00:00:00.000Z,0.6,17.2,2.2,1.26,5.9,4.141,497
2022-06-19T00:00:00.000Z,0.1,215.8,0.55,0.4,0.9,11.721,458
2022-06-20T00:00:00.000Z,0.38,2.72,1.05,0.8,1.56,0.457,377
2022-06-21T00:00:00.000Z,0.8,3,1.5,1.2,2,0.491,377
2022-06-22T00:00:00.000Z,1.3,5.78,2.39,1.95,3.42,1.102,350
2022-06-23T00:00:00.000Z,0.8,9.4,1.6,1.4,2.13,1.068,322
2022-06-24T00:00:00.000Z,0.4,107.03,2.09,0.9,3.42,5.185,494
2022-06-25T00:00:00.000Z,1.14,39.42,2.1,1.63,3.72,2.838,570
2022-06-26T00:00:00.000Z,1.3,16.02,2.71,1.92,4.4,1.42,582
2022-06-27T00:00:00.000Z,1.33,6.05,2.99,2.08,4.3,1.258,554
2022-06-28T00:00:00.000Z,0.38,18.89,2.6,1.37,3.55,1.515,553
2022-06-29T00:00:00.000Z,0.82,12.63,2.2,1.9,2.8,2.104,553
2022-06-30T00:00:00.000Z,2.47,25.7,9.73,7.62,11.99,5.072,569
2022-07-01T00:00:00.000Z,3.3,29.95,8.41,5.65,11.9,4.245,554
2022-07-02T00:00:00.000Z,0.2,93.38,1.34,0.8,6.85,8.499,562
2022-07-03T00:00:00.000Z,0.25,22.95,0.9,0.63,1.3,1.45,539
2022-07-04T00:00:00.000Z,0.4,3.7,1.29,1,1.7,0.645,556
2022-07-05T00:00:00.000Z,0.13,1.77,0.6,0.45,0.8,0.235,526
2022-07-06T00:00:00.000Z,0,2.38,0.7,0.5,0.93,0.366,551
2022-07-07T00:00:00.000Z,0.3,1.95,0.8,0.65,0.9,0.229,366
2022-07-08T00:00:00.000Z,0.03,33.88,0.5,0.38,0.8,1.79,531
2022-07-09T00:00:00.000Z,0,2.92,0.4,0.17,0.6,0.312,538
2022-07-10T00:00:00.000Z,0,3.7,0.1,0,0.6,0.457,541
2022-07-11T00:00:00.000Z,0.1,4.07,0.6,0.28,0.98,0.872,553
2022-07-12T00:00:00.000Z,0,2.78,0.4,0.3,0.65,0.508,560
2022-07-13T00:00:00.000Z,0.4,2,1.1,0.8,1.3,0.322,520
2022-07-14T00:00:00.000Z,0.1,1.7,0.4,0.3,0.52,0.18,550
2022-07-15T00:00:00.000Z,0,1.05,0.22,0.17,0.4,0.173,519
2022-07-16T00:00:00.000Z,0,0.7,0.1,0.1,0.2,0.106,574
2022-07-17T00:00:00.000Z,0,1.08,0.1,0,0.1,0.119,576
2022-07-18T00:00:00.000Z,0.2,8.6,1.95,1.04,2.78,1.508,557
2022-07-19T00:00:00.000Z,0.2,7.78,1.25,0.7,4.63,2.147,580
2022-07-20T00:00:00.000Z,0.85,5.3,2.75,2.2,3.46,0.863,569
2022-07-21T00:00:00.000Z,1.55,6.4,3.83,3.35,4.25,0.957,575
2022-07-22T00:00:00.000Z,4.32,15.85,7.03,5.85,9.35,2.712,579
2022-07-23T00:00:00.000Z,0.1,13.2,0.7,0.5,1.23,3.046,571
2022-07-24T00:00:00.000Z,0.1,2.29,0.55,0.32,0.93,0.478,574
2022-07-25T00:00:00.000Z,1.38,6.7,2.4,2,2.72,0.824,580
2022-07-26T00:00:00.000Z,0.3,13.6,1.55,0.7,5.65,3.504,577
2022-07-27T00:00:00.000Z,0,2.7,0.5,0.1,1.33,0.667,570
2022-07-28T00:00:00.000Z,0,1,0.3,0.2,0.38,0.161,561
2022-07-29T00:00:00.000Z,0,1.92,0.3,0.2,0.4,0.209,563
2022-07-30T00:00:00.000Z,0.2,1.23,0.5,0.4,0.6,0.138,568
2022-07-31T00:00:00.000Z,0.1,33.65,0.4,0.35,0.51,1.39,580
2022-08-01T00:00:00.000Z,0.22,6.97,0.6,0.47,0.8,0.384,514
2022-08-02T00:00:00.000Z,0,12.13,0.56,0.3,1.2,0.973,541
2022-08-03T00:00:00.000Z,0.4,20.05,0.9,0.7,1.9,1.35,556
2022-08-04T00:00:00.000Z,0.5,8,1.82,1,2.99,1.71,460
2022-08-05T00:00:00.000Z,0.5,21.02,4.59,2.88,8.19,4.358,564
2022-08-06T00:00:00.000Z,0,2.13,0.3,0.2,1,0.536,550
2022-08-07T00:00:00.000Z,0.1,362.85,0.98,0.6,1.4,17.268,439
2022-08-08T00:00:00.000Z,0.5,9.65,1.8,0.9,3.3,2.336,513
2022-08-09T00:00:00.000Z,0.47,23.55,1,0.73,1.76,1.751,565
2022-08-10T00:00:00.000Z,0.5,2.1,1.2,0.8,1.42,0.351,464
2022-08-11T00:00:00.000Z,0.4,6.13,1,0.77,1.25,0.484,462
2022-08-12T00:00:00.000Z,0.6,6.43,1.58,1.08,1.92,0.964,555
2022-08-13T00:00:00.000Z,0.4,26.67,1.1,0.9,2.2,4.646,579
2022-08-14T00:00:00.000Z,0.22,144.47,1.2,0.8,2,7.675,545
2022-08-15T00:00:00.000Z,1.88,12.5,4.84,3.12,7.23,2.636,461
2022-08-16T00:00:00.000Z,3.8,14.05,7.4,5.88,9.9,2.541,584
2022-08-17T00:00:00.000Z,3.33,26.27,9.88,4.25,14.4,6.347,434
2022-08-18T00:00:00.000Z,3.03,20.2,10.89,5.05,14,4.739,470
2022-08-19T00:00:00.000Z,2.45,34.15,7.52,3.7,15.54,7.564,568
2022-08-20T00:00:00.000Z,0.73,26.63,8.27,5.2,10.4,5.048,535
2022-08-21T00:00:00.000Z,0.5,2.72,1.27,1,1.6,0.449,508
2022-08-22T00:00:00.000Z,0.2,2.5,1.26,0.8,1.55,0.468,358
2022-08-23T00:00:00.000Z,0.5,2.7,1.25,0.9,1.6,0.442,538
2022-08-24T00:00:00.000Z,0.13,4.8,0.68,0.4,1.02,0.546,481
2022-08-25T00:00:00.000Z,0.2,2.6,0.7,0.45,1.02,0.46,509
2022-08-26T00:00:00.000Z,0.6,10.15,1.5,0.88,2.66,2.415,553
2022-08-27T00:00:00.000Z,1.75,10.88,7,4.82,8.3,2.005,541
2022-08-28T00:00:00.000Z,0.4,2.58,1.2,0.9,1.5,0.423,536
2022-08-29T00:00:00.000Z,0.1,1.63,0.5,0.3,0.8,0.326,526
2022-08-30T00:00:00.000Z,0.1,1.12,0.4,0.3,0.5,0.134,542
2022-08-31T00:00:00.000Z,0.05,1.8,0.45,0.3,0.55,0.246,529
2022-09-01T00:00:00.000Z,0,1.17,0.43,0.3,0.6,0.215,482
2022-09-02T00:00:00.000Z,0.1,19.7,0.4,0.3,0.62,1.424,464
2022-09-03T00:00:00.000Z,0.17,4.38,0.93,0.4,1.42,0.712,395
2022-09-04T00:00:00.000Z,0.1,9.65,0.9,0.4,1.62,1.356,240
2022-09-05T00:00:00.000Z,0.1,8.1,1.3,0.4,2,0.956,375
2022-09-06T00:00:00.000Z,0.2,6.03,0.93,0.5,1.49,0.686,536
2022-09-07T00:00:00.000Z,0,2.52,0.4,0.2,0.9,0.413,495
2022-09-08T00:00:00.000Z,0.2,3.25,0.68,0.45,0.93,0.465,348
2022-09-09T00:00:00.000Z,0.2,40.95,0.7,0.43,2.42,2.638,519
2022-09-10T00:00:00.000Z,0.8,7.88,2.27,1.6,2.83,0.912,514
2022-09-11T00:00:00.000Z,1,23.33,1.7,1.48,4.84,2.673,514
2022-09-12T00:00:00.000Z,0.8,35.25,2.1,1.3,3.3,4.602,459
2022-09-13T00:00:00.000Z,0.6,15.68,1.73,1.48,2.13,1.392,476
2022-09-14T00:00:00.000Z,0.1,2.47,0.3,0.2,0.8,0.473,518
2022-09-15T00:00:00.000Z,0.03,1.8,0.4,0.2,0.63,0.349,518
2022-09-16T00:00:00.000Z,0.1,4.2,0.5,0.4,0.8,0.781,501
2022-09-17T00:00:00.000Z,0.1,5.97,0.47,0.3,1.7,1.072,497
2022-09-18T00:00:00.000Z,0,9.44,0.6,0.4,1.5,0.922,504
2022-09-19T00:00:00.000Z,0.1,6.63,0.4,0.3,0.55,0.379,502
2022-09-20T00:00:00.000Z,0.2,9.43,0.68,0.4,1.2,0.931,421
2022-09-21T00:00:00.000Z,0.1,5.03,0.99,0.38,2.04,1.139,480
2022-09-22T00:00:00.000Z,0.25,51.63,1.25,0.65,1.7,4.131,512
2022-09-23T00:00:00.000Z,0.4,22.33,1.4,0.9,3.83,2.206,515
2022-09-24T00:00:00.000Z,0.56,15.52,2.9,1.32,4.4,2.389,520
2022-09-25T00:00:00.000Z,0.6,47.65,3.62,2.1,4.96,3.049,500
2022-09-26T00:00:00.000Z,1,13.95,3.9,2.97,5.15,1.717,468
2022-09-27T00:00:00.000Z,0.9,11.95,7.57,1.8,8.94,3.688,497
2022-09-28T00:00:00.000Z,0.5,11.45,2.08,1.3,2.84,2.206,497
2022-09-29T00:00:00.000Z,0.5,5.6,1.65,1.1,2.17,1.09,486
2022-09-30T00:00:00.000Z,0.8,10.15,1.85,1.4,3.28,1.767,486
2022-10-01T00:00:00.000Z,0.85,25.7,5.15,3.03,7.35,4.828,445
2022-10-02T00:00:00.000Z,1.65,51.83,16.3,9.68,23.23,9.646,277
2022-10-03T00:00:00.000Z,1.7,46.3,9.05,7.36,15.39,9.14,276
2022-10-04T00:00:00.000Z,0.47,11.98,1.2,1,1.67,0.844,321
2022-10-05T00:00:00.000Z,0.8,61.92,1.92,1.3,2.92,5.681,320
2022-10-06T00:00:00.000Z,0.4,5.2,1.5,1,2.6,1.205,524
2022-10-07T00:00:00.000Z,1.33,13.48,2.78,2.1,3.9,1.115,517
2022-10-08T00:00:00.000Z,0.6,5,1.5,1.23,2,0.707,533
2022-10-09T00:00:00.000Z,0.1,4.97,0.6,0.4,0.77,0.444,499
2022-10-10T00:00:00.000Z,0.82,5.47,1.8,1.48,3.53,1.142,428
2022-10-11T00:00:00.000Z,0.1,5.68,0.95,0.43,1.95,1.533,521
2022-10-12T00:00:00.000Z,0.1,71.59,1.08,0.5,1.74,5.73,533
2022-10-13T00:00:00.000Z,1.48,14.18,2.92,2.23,4.22,2.05,543
2022-10-14T00:00:00.000Z,4.13,80.53,12.8,7.27,16.7,7.87,517
2022-10-15T00:00:00.000Z,5.4,113.25,26.85,16.88,41.78,14.455,523
2022-10-16T00:00:00.000Z,0.68,18.89,2.4,1.42,10.03,5.521,425
2022-10-17T00:00:00.000Z,0.6,31.7,1.98,1.65,2.52,2.857,522
2022-10-18T00:00:00.000Z,0.3,6.45,0.95,0.6,1.73,1.058,359
2022-10-21T00:00:00.000Z,0.4,40.45,2.8,1.75,5.4,4.011,507
2022-10-22T00:00:00.000Z,2.1,65.53,6.3,3.42,21.3,14.711,543
2022-10-23T00:00:00.000Z,0.7,24.77,6.5,3.7,8.48,4.159,539
2022-10-24T00:00:00.000Z,0.3,6.75,2.65,1.4,3.3,1.18,507
2022-10-25T00:00:00.000Z,0.4,44.33,3.7,2.42,20.05,10.407,511
2022-10-26T00:00:00.000Z,0.1,3.03,0.73,0.5,1.3,0.526,511
2022-10-27T00:00:00.000Z,1.4,10.9,3.85,2.9,4.5,1.371,528
2022-10-28T00:00:00.000Z,0.4,15.93,5.93,4.72,8.82,3.38,510
2022-10-29T00:00:00.000Z,0.22,14.23,1.33,0.9,1.9,3.086,514
2022-10-30T00:00:00.000Z,0.2,41.28,0.77,0.51,7.13,7.399,509
2022-10-31T00:00:00.000Z,3.22,98,6.69,5.44,11.55,7.689,520
2022-11-01T00:00:00.000Z,1.42,31.6,4.9,3.03,8.53,4.074,505
2022-11-02T00:00:00.000Z,3.2,24.05,9.36,7.32,11.65,3.999,450
2022-11-03T00:00:00.000Z,1.48,12.77,5,2.84,6.29,2.23,509
2022-11-04T00:00:00.000Z,1.3,6.8,2.45,1.98,3.75,1.179,502
2022-11-05T00:00:00.000Z,1.12,41.08,3,2.38,5.2,4.888,494
2022-11-06T00:00:00.000Z,1,31.73,2.54,1.63,3.55,2.547,518
2022-11-07T00:00:00.000Z,0.6,19.89,4.53,3.6,5.45,2.234,543
2022-11-08T00:00:00.000Z,0.2,17.52,1,0.5,8.84,4.576,533
2022-11-09T00:00:00.000Z,2.15,32.47,6.13,4.47,8.48,3.731,539
2022-11-10T00:00:00.000Z,1.5,10.75,3.13,2.4,5.84,2.203,528
2022-11-11T00:00:00.000Z,0.56,11.7,1.8,1.1,2.5,0.913,495
2022-11-12T00:00:00.000Z,1.55,44.17,2.95,2.33,3.79,2.929,529
2022-11-13T00:00:00.000Z,1.63,83.55,4.45,2.92,7.68,9.048,539
2022-11-14T00:00:00.000Z,0.2,21.98,4.82,2.71,7.13,3.588,521
2022-11-15T00:00:00.000Z,0.2,4.97,0.85,0.65,1.1,0.559,528
2022-11-16T00:00:00.000Z,0.2,12.6,0.9,0.6,1.52,1.025,518
2022-11-17T00:00:00.000Z,0.43,12.15,1.67,1.1,2.4,1.479,524
2022-11-18T00:00:00.000Z,0.5,6.9,1.6,1.1,2.25,1.333,537
2022-11-19T00:00:00.000Z,0.5,16.82,1.69,0.85,4.22,2.785,486
2022-11-20T00:00:00.000Z,1,11.38,2.63,2,3.66,1.281,537
2022-11-21T00:00:00.000Z,2.4,20.95,8.25,5.85,10.77,3.525,526
2022-11-22T00:00:00.000Z,3.55,26.83,10.25,8.35,12.1,2.978,519
2022-11-23T00:00:00.000Z,1.25,8.9,3.74,2.4,6,1.979,532
2022-11-24T00:00:00.000Z,1.52,15.68,5.6,3.85,7.57,2.514,527
2022-11-25T00:00:00.000Z,2.27,15.23,4.28,3.05,9.27,3.325,508
2022-11-26T00:00:00.000Z,3.72,51.95,11.25,8.41,13.23,4.764,521
2022-11-27T00:00:00.000Z,4.8,73.72,13.54,10.37,18.2,8.164,530
2022-11-28T00:00:00.000Z,3.75,22.92,8.44,6.4,12.38,4.093,503
2022-11-29T00:00:00.000Z,2.65,16.85,9.3,6.46,11.58,3.073,445
2022-11-30T00:00:00.000Z,3.78,144.05,12.75,9.31,22.8,13.557,516
2022-12-01T00:00:00.000Z,5.75,25.35,10.59,9.32,11.77,1.97,474
2022-12-02T00:00:00.000Z,4.57,29.7,13.25,9.73,16.73,5.372,558
2022-12-03T00:00:00.000Z,2.25,20.85,4.21,3.4,6.5,2.206,558
2022-12-04T00:00:00.000Z,3.08,26.48,6.06,4.93,10.31,3.572,524
2022-12-05T00:00:00.000Z,2.1,22.23,8.48,6.4,10.4,3.265,499
2022-12-06T00:00:00.000Z,1.73,18.67,4.3,3.53,5.45,2.147,535
2022-12-07T00:00:00.000Z,1.33,8.4,3.08,2.4,3.99,1.289,517
2022-12-08T00:00:00.000Z,1.5,27.65,3.45,2.25,8.1,4.524,533
2022-12-09T00:00:00.000Z,4.7,21.75,9.43,7.54,13.77,3.835,520
2022-12-10T00:00:00.000Z,2.8,16.45,4.43,3.94,5.13,1.405,533
2022-12-11T00:00:00.000Z,3.35,15.1,5.18,4.82,5.56,0.894,548
2022-12-12T00:00:00.000Z,1.5,7.97,3.6,2,4.4,1.527,515
2022-12-13T00:00:00.000Z,1.4,76.09,2.74,2.15,4.3,4.699,522
2022-12-14T00:00:00.000Z,2.8,19,4.7,3.71,6.8,2.518,513
2022-12-15T00:00:00.000Z,2.8,45.5,9.32,5.35,12.37,5.555,518
2022-12-16T00:00:00.000Z,4.8,91.03,10.72,7.9,18.13,9.141,478
2022-12-17T00:00:00.000Z,1,31.58,6.13,3.34,11.12,4.818,512
2022-12-18T00:00:00.000Z,1.67,30.4,8.66,4,10.3,3.702,518
2022-12-19T00:00:00.000Z,1.7,58.38,13.2,5.73,19.05,7.905,520
2022-12-20T00:00:00.000Z,2.6,68.34,15.79,11.34,23.69,9.481,528
2022-12-21T00:00:00.000Z,0.3,35.92,3.88,2.5,5.09,4.733,490
2022-12-22T00:00:00.000Z,1.25,65.06,3.13,2.02,9.1,4.596,519
2022-12-23T00:00:00.000Z,0.13,12.85,2.6,0.6,5.75,3.64,378
2022-12-24T00:00:00.000Z,1.7,25.27,5.82,2.5,8.8,4.837,460
2022-12-25T00:00:00.000Z,2.7,32.97,7.2,4.5,10.48,5.045,490
2022-12-26T00:00:00.000Z,1.88,49.03,7.14,5.03,11.82,8.463,388
2022-12-27T00:00:00.000Z,0.5,8.6,1.58,1,2.4,1.01,449
2022-12-28T00:00:00.000Z,0.7,38.54,5.25,1.2,7.75,5.976,471
2022-12-29T00:00:00.000Z,1.12,25.17,6.13,3.25,10.55,5.498,515
2022-12-30T00:00:00.000Z,0.7,11.8,2.13,1.45,2.8,1.232,441
2022-12-31T00:00:00.000Z,1.3,128.43,3.75,2.91,4.5,12.799,472
2023-01-01T00:00:00.000Z,2.1,39.35,9.35,4.88,17.13,9.215,495
2023-01-02T00:00:00.000Z,0.98,124.57,9.52,2.24,15.02,16.8,516
2023-01-03T00:00:00.000Z,0.8,9.57,1.55,1.2,2.72,1.651,435
2023-01-04T00:00:00.000Z,0.56,36.53,2.5,1.92,3.74,3.462,480
2023-01-05T00:00:00.000Z,1,13.35,3.82,2.17,4.75,1.595,504
2023-01-06T00:00:00.000Z,1.98,16.48,3.33,2.9,4.5,1.385,515
2023-01-07T00:00:00.000Z,3.72,45.1,6.8,5.4,22.17,11.201,511
2023-01-08T00:00:00.000Z,1.65,54.4,11.15,7.18,27.9,14.298,547
2023-01-09T00:00:00.000Z,6.32,53.42,26.42,12.9,36.04,12.443,494
2023-01-10T00:00:00.000Z,1.08,21.92,4.95,3.24,8.47,3.515,520
2023-01-11T00:00:00.000Z,1,29.27,2.75,2.02,3.33,3.695,487
2023-01-12T00:00:00.000Z,1.35,26.02,3.4,2.78,4.03,2.734,529
2023-01-13T00:00:00.000Z,0.43,40.79,3.94,2.8,6.04,4.994,476
2023-01-14T00:00:00.000Z,0.47,24.55,2.72,1.95,3.6,2.451,545
2023-01-15T00:00:00.000Z,0.3,5.85,1.9,1.12,2.41,0.958,457
2023-01-16T00:00:00.000Z,0.1,30.2,1.02,0.4,2.92,2.412,487
2023-01-17T00:00:00.000Z,1.2,26,3.6,2.63,8.88,6.026,503
2023-01-18T00:00:00.000Z,0.2,11.4,1.2,0.8,2.27,2.128,438
2023-01-19T00:00:00.000Z,1.85,28.05,4.84,3,11.53,5.938,557
2023-01-20T00:00:00.000Z,3.08,68.05,9.18,5.72,26.6,13.786,523
2023-01-21T00:00:00.000Z,7.15,36.33,11.77,10.35,13.63,3.006,499
2023-01-22T00:00:00.000Z,4.97,43.58,13,8.19,16.3,4.914,561
2023-01-23T00:00:00.000Z,4.34,25.7,7.6,6.32,8.82,1.975,451
2023-01-24T00:00:00.000Z,3.38,19.3,9.02,7.13,11.57,3.32,524
2023-01-25T00:00:00.000Z,0.5,36.63,3.1,2.17,5.15,2.663,485
2023-01-26T00:00:00.000Z,0.2,22.98,1.7,0.88,9.93,5.536,545
2023-01-27T00:00:00.000Z,0.73,11.4,1.7,1.1,3.13,2.045,419
2023-01-28T00:00:00.000Z,0.6,28.45,1.77,1.3,3.2,3.094,518
2023-01-29T00:00:00.000Z,0.8,9.93,2.1,1.7,3.05,1.15,509
2023-01-30T00:00:00.000Z,0.1,2.92,0.6,0.35,0.98,0.378,475
2023-01-31T00:00:00.000Z,0.2,12.38,0.85,0.55,4.55,3.219,497
2023-02-01T00:00:00.000Z,0.8,11.38,3.63,2.47,5.5,2.159,514
2023-02-02T00:00:00.000Z,0.6,77.7,1.5,1.1,6.4,10.658,503
2023-02-03T00:00:00.000Z,0.8,14.43,4.84,1.6,6.28,2.918,388
2023-02-04T00:00:00.000Z,1,58.97,1.63,1.38,8.23,8.765,554
2023-02-05T00:00:00.000Z,0.7,7.7,2.08,1.2,3.6,1.683,481
2023-02-06T00:00:00.000Z,1.25,15.2,2.31,1.89,3.97,1.634,444
2023-02-07T00:00:00.000Z,3.17,16.57,5.45,4.57,8.28,3.003,461
2023-02-08T00:00:00.000Z,2.38,59.2,6.24,4.4,9.13,4.419,404
2023-02-09T00:00:00.000Z,0.2,16.25,6.63,3.98,8.25,2.938,453
2023-02-10T00:00:00.000Z,0.2,9.63,0.73,0.5,1.23,1.398,478
2023-02-11T00:00:00.000Z,0.6,21.48,2.27,1.65,5.32,3.26,438
2023-02-12T00:00:00.000Z,1.05,8.57,2.63,1.7,3.8,1.386,505
2023-02-13T00:00:00.000Z,0.6,3.3,1.1,0.9,1.3,0.335,391
2023-02-14T00:00:00.000Z,0.52,37.67,1.4,1.08,3.82,6.183,432
2023-02-15T00:00:00.000Z,4.65,42.25,9.1,7.68,11,4.534,379
2023-02-16T00:00:00.000Z,8.57,25.85,15.08,12.2,20.63,4.783,422
2023-02-17T00:00:00.000Z,1.2,35.42,16.09,8.8,18.7,6.535,394
2023-02-18T00:00:00.000Z,0.1,11.95,0.7,0.32,1.2,1.635,511
2023-02-19T00:00:00.000Z,0.4,11.15,0.7,0.6,0.95,1.201,442
2023-02-20T00:00:00.000Z,0.2,19.14,0.9,0.75,1.12,1.748,521
2023-02-21T00:00:00.000Z,0.8,10.05,4.62,3.59,5.85,1.63,504
2023-02-22T00:00:00.000Z,2.75,9.68,4.13,3.42,5.68,1.439,395
2023-02-23T00:00:00.000Z,1.92,12.98,3.83,3.15,6.55,2.5,373
2023-02-24T00:00:00.000Z,0.75,14.27,2.23,1.63,5.57,3.349,526
2023-02-25T00:00:00.000Z,0.68,5.8,1.48,1.17,1.9,0.933,417
2023-02-26T00:00:00.000Z,0.3,14.75,1.2,0.9,4.09,2.662,505
2023-02-27T00:00:00.000Z,0.13,6.3,1.65,0.9,2.6,1.313,517
2023-02-28T00:00:00.000Z,0.1,7.7,0.7,0.5,0.9,0.733,421
2023-03-01T00:00:00.000Z,0.15,4.07,0.7,0.5,0.94,0.458,525
2023-03-02T00:00:00.000Z,0.3,4.7,0.75,0.6,1,0.491,535
2023-03-03T00:00:00.000Z,0.2,2.92,1.1,0.8,1.45,0.499,424
2023-03-04T00:00:00.000Z,0.4,6.72,0.7,0.6,0.82,0.403,527
2023-03-05T00:00:00.000Z,0.4,18,0.9,0.7,1.5,1.784,547
2023-03-06T00:00:00.000Z,0.65,46.17,1.5,1.2,6.84,5.3,533
2023-03-07T00:00:00.000Z,0.4,22.57,4.05,1.45,5.87,3.112,519
2023-03-08T00:00:00.000Z,1.2,8.98,2.15,1.9,2.74,1.271,552
2023-03-09T00:00:00.000Z,0.4,23.9,3.03,1.12,5.04,3.066,468
2023-03-10T00:00:00.000Z,0.9,50.35,2.2,1.5,10.03,8.672,540
2023-03-11T00:00:00.000Z,0.82,37.04,6.22,2.95,12.84,7.462,548
2023-03-12T00:00:00.000Z,0.3,6.2,1.35,0.87,2.08,1.216,529
2023-03-13T00:00:00.000Z,0.6,12.35,1.6,1.3,2.25,1.732,532
2023-03-14T00:00:00.000Z,0.2,17.42,1.2,0.9,2.85,2.19,405
2023-03-15T00:00:00.000Z,0.3,3.95,0.98,0.7,1.25,0.47,547
2023-03-16T00:00:00.000Z,0.9,18.98,1.73,1.45,3.5,2.737,534
2023-03-17T00:00:00.000Z,0.56,9.69,2.63,1.27,5.75,2.872,529
2023-03-18T00:00:00.000Z,9.1,84.95,25.55,21.83,33.25,13.333,428
2023-03-19T00:00:00.000Z,1.6,71.03,8.9,4.57,23.05,13.842,525
2023-03-20T00:00:00.000Z,0.1,27.67,5.19,0.8,16.45,7.993,514
2023-03-21T00:00:00.000Z,0.2,18.8,3.5,0.84,7.68,4.266,533
2023-03-22T00:00:00.000Z,0.6,14.02,5.05,2.54,8.27,3.218,523
2023-03-23T00:00:00.000Z,1,7.28,2.92,2.27,3.63,1.038,531
2023-03-24T00:00:00.000Z,0,13.6,2.67,0.6,3.25,2.362,510
2023-03-25T00:00:00.000Z,0.1,11.35,2.13,1.7,2.67,1.048,507
2023-03-26T00:00:00.000Z,0.75,7.7,1.75,1.52,1.99,0.693,416
2023-03-27T00:00:00.000Z,0.9,5.32,1.92,1.65,2.15,0.427,462
2023-03-28T00:00:00.000Z,0.4,11.4,1.45,1.14,1.8,1.056,507
2023-03-29T00:00:00.000Z,0.6,7.53,2.16,1.38,3.65,1.312,450
2023-03-30T00:00:00.000Z,0.56,18.92,1.8,1.2,2.5,1.459,516
2023-03-31T00:00:00.000Z,0.6,3.38,1.5,1.2,1.8,0.406,512
2023-04-01T00:00:00.000Z,0.1,2.65,1.75,1,2,0.631,331
2023-04-02T00:00:00.000Z,0.4,6.38,1.67,1.35,1.9,0.508,446
2023-04-03T00:00:00.000Z,0.4,7.63,1.9,1.1,2.35,1.151,532
2023-04-04T00:00:00.000Z,0.7,8.32,1.88,1.32,3.7,1.392,576
2023-04-05T00:00:00.000Z,1.1,6.75,2.1,1.77,3.26,0.996,576
2023-04-06T00:00:00.000Z,1.02,7.55,2.63,1.7,4.09,1.561,588
2023-04-07T00:00:00.000Z,0.8,16.02,2.21,1.4,5.88,3.828,562
2023-04-08T00:00:00.000Z,0.2,76.65,1.1,0.6,1.6,5.3,583
2023-04-09T00:00:00.000Z,0.3,23.05,2.37,1.02,4.7,2.588,578
2023-04-10T00:00:00.000Z,0.5,12.05,3.25,1.1,4.63,1.813,485
2023-04-11T00:00:00.000Z,1.14,16.85,6.32,3.83,9.69,3.886,578
2023-04-12T00:00:00.000Z,4.95,18.64,8.57,7.15,10.77,2.909,574
2023-04-13T00:00:00.000Z,3.15,12.27,5.9,5.07,7.31,1.822,585
2023-04-14T00:00:00.000Z,2.97,7.53,4.88,4.2,5.57,0.888,579
2023-04-15T00:00:00.000Z,2.29,5.65,3.17,2.92,3.59,0.55,581
2023-04-16T00:00:00.000Z,2,16.67,2.92,2.6,3.55,1.262,586
2023-04-17T00:00:00.000Z,1.02,5.43,1.9,1.63,3.38,1.071,571
2023-04-18T00:00:00.000Z,0.1,2.58,0.6,0.4,1.55,0.677,580
2023-04-19T00:00:00.000Z,0.2,2.15,0.7,0.45,0.98,0.367,495
2023-04-20T00:00:00.000Z,0.3,9.57,1.2,0.7,1.9,1.312,587
2023-04-21T00:00:00.000Z,0.43,5.32,1.6,0.9,3,1.259,527
2023-04-22T00:00:00.000Z,0.47,114.05,1.2,0.9,1.9,5.04,517
2023-04-23T00:00:00.000Z,0.65,27.95,1.6,1.25,5.3,5.703,372
2023-04-24T00:00:00.000Z,1.58,9.9,3.92,3.22,5.72,1.83,581
2023-04-25T00:00:00.000Z,0.85,29.7,5.07,3.42,13.8,6.42,587
2023-04-26T00:00:00.000Z,0,32.29,0.4,0.25,1.2,7.682,579
2023-04-27T00:00:00.000Z,0.2,1.9,0.5,0.4,0.7,0.243,585
2023-04-28T00:00:00.000Z,0.1,2.08,0.5,0.3,0.7,0.371,393
2023-04-29T00:00:00.000Z,0.4,4.88,1.29,0.82,1.83,0.763,570
2023-04-30T00:00:00.000Z,0.1,30.88,0.6,0.5,0.82,2.438,416
2023-05-01T00:00:00.000Z,0.28,11.95,2.63,1.83,7.35,3.047,573
2023-05-02T00:00:00.000Z,0.1,7,0.7,0.5,1.1,0.741,573
2023-05-03T00:00:00.000Z,0.1,10.07,0.7,0.35,0.93,0.673,414
2023-05-04T00:00:00.000Z,0.3,7.55,1.1,0.7,2.06,0.968,581
2023-05-05T00:00:00.000Z,0.4,6.5,1.9,1,3.08,1.232,405
2023-05-06T00:00:00.000Z,0.4,33.83,1.1,0.68,2.78,2.157,571
2023-05-07T00:00:00.000Z,0.55,4.68,1.2,0.88,2.7,1.137,453
2023-05-08T00:00:00.000Z,0.6,4.82,1.5,1.2,1.8,0.486,563
2023-05-09T00:00:00.000Z,1.12,5.55,2.54,1.95,3.78,1.125,344
2023-05-10T00:00:00.000Z,1.2,8.02,2.29,1.8,3.1,1.528,579
2023-05-11T00:00:00.000Z,1.2,5.5,2,1.73,2.6,0.73,568
2023-05-12T00:00:00.000Z,1.1,3.5,2,1.6,2.38,0.478,588
2023-05-13T00:00:00.000Z,1.1,44.22,2.2,1.65,3.03,3.309,579
2023-05-14T00:00:00.000Z,1.1,250.57,2.2,1.7,3.36,11.66,581
2023-05-15T00:00:00.000Z,1.27,5.88,2.54,1.85,3.63,1.158,575
2023-05-16T00:00:00.000Z,0.88,13.3,3.9,1.83,4.84,2.712,458
2023-05-17T00:00:00.000Z,0,11,0.7,0.4,2.82,2.071,564
2023-05-18T00:00:00.000Z,0.3,3.2,0.6,0.5,0.8,0.279,574
2023-05-19T00:00:00.000Z,0.52,8.38,1.1,0.9,1.42,0.605,576
2023-05-20T00:00:00.000Z,0.4,74.31,0.98,0.75,1.33,3.454,584
2023-05-21T00:00:00.000Z,0.7,2.9,1.3,1.1,1.75,0.455,574
2023-05-22T00:00:00.000Z,0.85,8.6,1.45,1.3,2.29,1.365,534
2023-05-23T00:00:00.000Z,0.98,5.09,1.65,1.33,2.35,0.785,571
2023-05-24T00:00:00.000Z,1.4,7.88,2.19,1.85,3.57,1.404,576
2023-05-25T00:00:00.000Z,0.6,2.97,1.5,1.2,1.77,0.407,542
2023-05-26T00:00:00.000Z,0.1,5.7,0.82,0.5,1.7,0.7,427
2023-05-27T00:00:00.000Z,0.43,9.44,0.9,0.7,1.26,0.608,464
2023-05-28T00:00:00.000Z,0.4,38.6,1.7,1,2.83,1.946,494
2023-05-29T00:00:00.000Z,0.28,106.68,0.8,0.7,0.9,4.715,505
2023-05-30T00:00:00.000Z,0.77,2.15,1.33,1.17,1.5,0.256,575
2023-05-31T00:00:00.000Z,0.2,1.35,0.63,0.5,0.8,0.229,348
2023-06-01T00:00:00.000Z,0.15,1.6,0.7,0.55,0.85,0.232,567
2023-06-02T00:00:00.000Z,0,1.45,0.3,0.2,0.55,0.236,571
2023-06-03T00:00:00.000Z,0.22,105.65,0.6,0.47,0.77,6.173,456
2023-06-04T00:00:00.000Z,0,12.55,0.32,0.2,0.5,0.677,581
2023-06-05T00:00:00.000Z,0.32,4.93,0.8,0.64,1.2,0.643,573
2023-06-06T00:00:00.000Z,0.4,3.6,1.89,1.42,2.29,0.656,366
2023-06-07T00:00:00.000Z,0.3,1.7,0.56,0.5,0.7,0.154,577
2023-06-08T00:00:00.000Z,0.35,3.15,1.1,0.75,1.58,0.504,441
2023-06-09T00:00:00.000Z,0.1,1.27,0.4,0.3,0.8,0.291,572
2023-06-10T00:00:00.000Z,0.15,426.15,0.6,0.39,0.9,20.882,580
2023-06-11T00:00:00.000Z,0.3,9.35,0.8,0.55,1.4,0.687,586
2023-06-12T00:00:00.000Z,0.25,259.58,0.9,0.68,1.64,10.758,581
2023-06-13T00:00:00.000Z,0.8,40.75,1.5,1.23,1.8,1.749,581
2023-06-14T00:00:00.000Z,1.35,7.45,2.27,1.98,2.5,0.562,574
2023-06-15T00:00:00.000Z,1.3,5.95,2.5,2.1,3.05,0.864,583
2023-06-16T00:00:00.000Z,1.8,7.55,4.3,3,5.2,1.315,581
2023-06-17T00:00:00.000Z,3.22,30.05,5,4.18,5.85,1.618,570
2023-06-18T00:00:00.000Z,5.82,26.2,10.93,8.59,13.38,3.3,581
2023-06-19T00:00:00.000Z,2.72,31.83,9.96,7.06,16.98,6.542,376
2023-06-20T00:00:00.000Z,2.9,9.02,3.95,3.6,5.22,1.343,567
2023-06-21T00:00:00.000Z,2.75,11.07,4.47,3.78,5.71,1.678,581
2023-06-22T00:00:00.000Z,1.02,15.63,2.29,1.77,4.7,2.012,579
2023-06-23T00:00:00.000Z,1.1,14.3,2.49,1.92,3.42,1.171,572
2023-06-24T00:00:00.000Z,0.5,6.78,1.02,0.88,1.9,1.068,579
2023-06-25T00:00:00.000Z,0.7,4.57,1.42,1.12,2.27,0.886,588
2023-06-26T00:00:00.000Z,0.5,4.2,1.4,0.9,2.29,0.971,510
2023-06-27T00:00:00.000Z,0.7,10.85,1.63,1.4,2.9,1.249,579
2023-06-28T00:00:00.000Z,1,6.28,2.45,2.08,3.45,1.053,583
2023-06-29T00:00:00.000Z,0.8,10.88,2.1,1.52,2.8,1.228,586
2023-06-30T00:00:00.000Z,0.3,7.35,2.25,1.44,3,1.17,584
2023-07-01T00:00:00.000Z,0.7,186.38,2.5,2.13,2.85,9.542,375
2023-07-02T00:00:00.000Z,0.77,7.95,2.7,1.98,3.9,1.433,583
2023-07-03T00:00:00.000Z,0.63,4,1.8,1.3,2.52,0.726,563
2023-07-04T00:00:00.000Z,0.3,2.72,1.5,1,1.9,0.496,417
2023-07-05T00:00:00.000Z,0.9,5.7,1.99,1.58,2.75,0.973,552
2023-07-06T00:00:00.000Z,0.3,7.57,3.83,1.59,5.07,1.904,281
2023-07-07T00:00:00.000Z,0.6,20.23,1.4,1.08,1.65,1.124,531
2023-07-08T00:00:00.000Z,0.9,5.32,2,1.77,2.25,0.559,353
2023-07-09T00:00:00.000Z,0.5,9.43,1.48,1.1,1.9,0.64,370
2023-07-10T00:00:00.000Z,0.5,3.67,0.9,0.7,1.23,0.508,351
2023-07-11T00:00:00.000Z,0.68,5.3,1.4,1.05,2.33,0.996,544
2023-07-12T00:00:00.000Z,1.1,6.4,1.7,1.5,2.38,1.082,558
2023-07-13T00:00:00.000Z,0.4,5.22,1.1,0.9,1.77,1.042,561
2023-07-14T00:00:00.000Z,0.3,2.6,1.1,0.73,1.55,0.476,543
2023-07-15T00:00:00.000Z,0.3,34.72,0.95,0.75,1.17,1.437,582
2023-07-16T00:00:00.000Z,1.1,199.98,1.9,1.6,2.7,10.513,588
2023-07-17T00:00:00.000Z,0.7,27.85,2.09,1.3,3.1,1.814,388
2023-07-18T00:00:00.000Z,0.2,2.5,0.8,0.55,1.14,0.397,586
2023-07-19T00:00:00.000Z,0.1,7.13,1.1,0.5,1.6,0.712,473
2023-07-20T00:00:00.000Z,0.3,5.9,0.94,0.7,1.35,0.483,570
2023-07-21T00:00:00.000Z,0.2,2.5,0.93,0.7,1.2,0.407,584
2023-07-22T00:00:00.000Z,0.3,17.35,0.93,0.73,1.2,0.873,586
2023-07-23T00:00:00.000Z,0.4,2.8,0.9,0.73,1.1,0.431,582
2023-07-24T00:00:00.000Z,0.2,13.32,1.19,0.7,3,2.482,586
2023-07-25T00:00:00.000Z,0.13,11.52,2.25,1.3,5.9,2.828,585
2023-07-26T00:00:00.000Z,0.3,176.82,1.23,0.73,1.85,10.856,586
2023-07-27T00:00:00.000Z,0.2,2.9,0.9,0.6,1.33,0.546,579
2023-07-28T00:00:00.000Z,0.2,9.07,0.87,0.5,1.66,0.797,584
2023-07-29T00:00:00.000Z,0.32,24.63,1.33,0.8,1.88,1.488,574
2023-07-30T00:00:00.000Z,0.4,36.63,2.4,1.6,2.9,1.709,570
2023-07-31T00:00:00.000Z,1,10.02,2.8,1.8,4.68,1.755,587
2023-08-01T00:00:00.000Z,0.4,5.25,1.02,0.8,1.83,1.006,585
2023-08-02T00:00:00.000Z,0.38,15.6,1,0.7,2.02,1.886,582
2023-08-03T00:00:00.000Z,1.42,10.07,4.05,2.9,4.97,1.468,570
2023-08-04T00:00:00.000Z,0.2,11.88,2.34,1.38,3.62,1.655,532
2023-08-05T00:00:00.000Z,1.4,22.87,2.5,2,3.55,2.647,513
2023-08-06T00:00:00.000Z,1.5,27.08,5.31,3.53,6.95,3.907,586
2023-08-07T00:00:00.000Z,0.4,44.7,8.55,2.29,14.33,8.673,585
2023-08-08T00:00:00.000Z,0.1,7.8,0.9,0.6,1.42,0.751,590
2023-08-09T00:00:00.000Z,0.73,6.35,1.75,1.45,2.04,0.533,581
2023-08-10T00:00:00.000Z,0,2.6,1.4,0.9,1.67,0.537,569
2023-08-11T00:00:00.000Z,0.2,3.92,1,0.5,1.8,0.781,578
2023-08-12T00:00:00.000Z,0.6,6.35,1.17,1,2.2,0.923,587
2023-08-13T00:00:00.000Z,0.1,6.13,2.04,0.9,2.8,1.217,583
2023-08-14T00:00:00.000Z,1.17,5.72,2.4,2.02,3.07,0.934,585
2023-08-15T00:00:00.000Z,0.85,30.77,3.25,2.47,5.4,4.503,587
2023-08-16T00:00:00.000Z,0.2,52.72,1.57,0.7,18.25,12.037,590
2023-08-17T00:00:00.000Z,0.45,2.02,1,0.85,1.14,0.219,586
2023-08-18T00:00:00.000Z,0.4,2.6,1.17,0.9,1.4,0.408,591
2023-08-19T00:00:00.000Z,0.7,4.78,2.33,1.8,2.97,0.815,586
2023-08-20T00:00:00.000Z,0.63,29.17,1.8,1.14,8.73,6.972,575
2023-08-21T00:00:00.000Z,0.6,28.23,1.8,1.23,3.2,5.886,567
2023-08-22T00:00:00.000Z,0.7,4.4,1.98,1.48,2.92,0.889,584
2023-08-23T00:00:00.000Z,1.1,10.9,1.8,1.52,3.04,1.961,589
2023-08-24T00:00:00.000Z,0.4,4.28,1.65,0.9,2.5,0.904,586
2023-08-25T00:00:00.000Z,0.8,9.94,3.05,2.13,4.03,1.484,580
2023-08-26T00:00:00.000Z,0.9,36.54,4.53,1.8,14.77,8.709,583
2023-08-27T00:00:00.000Z,0.68,24.88,1.49,1,2.1,4.746,580
2023-08-28T00:00:00.000Z,0.3,9.77,1.83,0.77,2.75,1.934,582
2023-08-29T00:00:00.000Z,0.43,4.78,1.14,0.88,1.6,0.875,583
2023-08-30T00:00:00.000Z,0.4,5.53,1.1,0.8,2.17,1.163,582
2023-08-31T00:00:00.000Z,0.4,3.13,1.02,0.7,1.65,0.584,583
2023-09-01T00:00:00.000Z,0.15,20.2,2.04,1.17,4,2.335,579
2023-09-02T00:00:00.000Z,0.2,15.1,0.9,0.7,1.84,2.569,580
2023-09-03T00:00:00.000Z,0.1,7.6,1.12,0.5,1.92,0.844,576
2023-09-04T00:00:00.000Z,0.8,3.67,2.02,1.52,2.42,0.595,576
2023-09-05T00:00:00.000Z,0.2,3.1,1.7,1.4,1.98,0.599,580
2023-09-06T00:00:00.000Z,0.13,62.08,0.68,0.5,0.98,4.213,582
2023-09-07T00:00:00.000Z,0.3,6.03,1,0.8,1.38,0.741,589
2023-09-08T00:00:00.000Z,1.5,12.65,4.57,3.28,5.8,1.993,584
2023-09-09T00:00:00.000Z,1.3,28.73,7.68,2.25,12.35,7.709,575
2023-09-10T00:00:00.000Z,4.53,53.2,12.48,5.75,19.89,10.518,582
2023-09-11T00:00:00.000Z,6.13,56.13,10.73,8.01,16.09,7.665,585
2023-09-12T00:00:00.000Z,3.67,24.23,11.04,8.74,15.42,4.605,584
2023-09-13T00:00:00.000Z,0.3,289.88,1.1,0.8,3.33,17.22,558
2023-09-14T00:00:00.000Z,0.13,71.55,0.47,0.38,1.41,4.468,584
2023-09-15T00:00:00.000Z,0.45,6.78,1.08,0.85,1.75,0.877,570
2023-09-16T00:00:00.000Z,0.77,3.83,1.55,1.27,2.04,0.613,584
2023-09-17T00:00:00.000Z,0.2,68.43,1.77,0.47,2.7,5.087,587
2023-09-18T00:00:00.000Z,0.3,5.3,1,0.6,1.52,0.836,575
2023-09-19T00:00:00.000Z,0.73,25.65,3.49,1.39,12.2,6.405,556
2023-09-20T00:00:00.000Z,0,42.97,0.6,0.25,1.4,2.341,551
2023-09-21T00:00:00.000Z,1.5,6.13,2.58,2.15,3.28,0.971,586
2023-09-22T00:00:00.000Z,2.5,16.7,5.5,4.4,6.84,2.793,577
2023-09-23T00:00:00.000Z,0.4,6.88,1.5,1.1,2.5,1.399,561
2023-09-24T00:00:00.000Z,0.2,45.65,1.1,0.6,2,3.227,548
2023-09-25T00:00:00.000Z,0.65,3.65,1.7,1.27,2.15,0.613,582
2023-09-26T00:00:00.000Z,1.5,28.98,2.52,2.15,3.38,5.661,555
2023-09-27T00:00:00.000Z,3.4,40.6,7.57,5,19.14,8.701,565
2023-09-28T00:00:00.000Z,4,65.15,14.66,9.02,25.9,13.548,586
2023-09-29T00:00:00.000Z,1.8,39.45,9.24,3.19,19.1,9.75,588
2023-09-30T00:00:00.000Z,0.68,15.77,1.85,1.2,3.2,2.318,576
2023-10-01T00:00:00.000Z,0.2,102.75,2.02,0.97,2.6,5.31,544
2023-10-02T00:00:00.000Z,1.33,39.25,2.72,2,3.79,2.617,552
2023-10-03T00:00:00.000Z,1.8,25.98,4.8,3.92,5.7,1.836,579
2023-10-04T00:00:00.000Z,0.1,27.05,1.14,0.6,2.78,2.208,583
2023-10-05T00:00:00.000Z,0.2,158.82,1.35,0.93,2.95,9.812,573
2023-10-06T00:00:00.000Z,0,17.17,1.48,1.05,2.08,1.141,567
2023-10-07T00:00:00.000Z,0,24.48,0.38,0.2,0.69,2.542,569
2023-10-08T00:00:00.000Z,0.1,79.38,0.5,0.38,0.7,3.634,573
2023-10-09T00:00:00.000Z,0.1,29.5,0.52,0.4,1.55,2.053,562
2023-10-10T00:00:00.000Z,0.55,26.52,1.63,0.93,2.1,2.097,551
2023-10-11T00:00:00.000Z,0.28,11.2,3.58,1.8,6.5,3.025,567
2023-10-12T00:00:00.000Z,0.1,21.7,0.6,0.3,1.63,1.18,566
2023-10-13T00:00:00.000Z,0,6.5,1.58,0.85,2.7,1.239,546
2023-10-14T00:00:00.000Z,0.13,10.65,1.66,1.02,2.17,0.954,570
2023-10-15T00:00:00.000Z,0,7.22,0.56,0.28,0.97,0.605,577
2023-10-16T00:00:00.000Z,0.2,10.8,0.6,0.4,0.8,0.727,573
2023-10-17T00:00:00.000Z,0.1,5.4,0.7,0.5,1,0.477,570
2023-10-18T00:00:00.000Z,0.08,33.85,1.23,0.3,2.4,1.998,548
2023-10-19T00:00:00.000Z,0.5,33.04,1.8,1.1,3.25,3.63,551
2023-10-20T00:00:00.000Z,0.38,5.88,1.17,0.93,1.4,0.499,585
2023-10-21T00:00:00.000Z,0.5,10.73,1.38,0.98,1.99,1.056,584
2023-10-22T00:00:00.000Z,0.5,5.82,1,0.8,1.3,0.531,578
2023-10-23T00:00:00.000Z,0.3,2.47,1.38,0.9,1.6,0.447,589
2023-10-24T00:00:00.000Z,1.08,75.18,1.8,1.55,2.42,4.528,584
2023-10-25T00:00:00.000Z,0.98,27.25,1.88,1.48,3.62,2.762,584
2023-10-26T00:00:00.000Z,0.9,9.57,2.1,1.4,3.17,1.336,577
2023-10-27T00:00:00.000Z,1.98,222.57,3.72,3.3,4.45,11.409,583
2023-10-28T00:00:00.000Z,0.5,178.7,2.04,1.54,2.54,10.58,588
2023-10-29T00:00:00.000Z,0.32,19.8,1.6,1,2.02,1.74,582
2023-10-30T00:00:00.000Z,0.3,18.45,1.4,1,2.49,2.414,585
2023-10-31T00:00:00.000Z,0.3,15.23,3.3,0.85,5.55,3.036,587
2023-11-01T00:00:00.000Z,0.1,8.94,0.65,0.5,0.9,0.747,565
2023-11-02T00:00:00.000Z,0.4,10.68,1.65,1.17,5.77,3.048,548
2023-11-03T00:00:00.000Z,2.04,14.07,6.55,4.62,9.11,2.973,581
2023-11-04T00:00:00.000Z,0.2,68.15,6.9,3.37,9.59,6.69,584
2023-11-05T00:00:00.000Z,1.3,7.88,4.2,3.5,5.35,1.408,590
2023-11-06T00:00:00.000Z,1.3,21.8,5.93,3.9,10.25,4.243,578
2023-11-07T00:00:00.000Z,0.4,54.4,2.42,0.9,6.03,3.65,580
2023-11-08T00:00:00.000Z,0.77,27.2,3.35,2.6,4.28,2.592,579
2023-11-09T00:00:00.000Z,0.68,17.48,4.53,2.95,7.34,3.214,541
2023-11-10T00:00:00.000Z,1.3,22.55,7.8,5.09,10.85,4.651,574
2023-11-11T00:00:00.000Z,1.35,50.88,7.05,4.29,13.62,8.622,580
2023-11-12T00:00:00.000Z,0.77,18.42,2,1.48,4.2,2.769,355
2023-11-13T00:00:00.000Z,0.7,12.38,1.4,1.13,2.6,1.215,584
2023-11-14T00:00:00.000Z,0.7,36.28,1.5,1.17,3.55,2.92,579
2023-11-15T00:00:00.000Z,1.8,30.15,4.34,3.3,5.57,2.271,582
2023-11-16T00:00:00.000Z,1.55,49.42,4.13,2.83,5,2.36,586
2023-11-17T00:00:00.000Z,1.05,53.97,2.78,2.02,11.84,8.436,581
2023-11-18T00:00:00.000Z,1.38,17.23,3.08,2.31,4.32,2.237,576
2023-11-19T00:00:00.000Z,2.2,47.3,4.59,3.78,6.22,3.145,582
2023-11-20T00:00:00.000Z,2.5,13.77,4.84,3.8,7.48,2.731,581
2023-11-21T00:00:00.000Z,1.2,91.53,3.3,2.2,4.63,4.942,577
2023-11-22T00:00:00.000Z,0.2,12.45,3,1.92,3.78,2.444,590
2023-11-23T00:00:00.000Z,0.28,4.72,1.02,0.63,1.59,0.686,588
2023-11-24T00:00:00.000Z,0.4,7.95,1.1,0.82,1.65,0.85,582
2023-11-25T00:00:00.000Z,0.8,8.94,1.65,1.3,1.98,0.697,582
2023-11-26T00:00:00.000Z,0.7,21.33,1.6,1.1,2.46,2.136,581
2023-11-27T00:00:00.000Z,1.8,84.05,2.6,2.29,3.13,5.139,583
2023-11-28T00:00:00.000Z,1.77,37.65,2.95,2.45,4.59,2.262,589
2023-11-29T00:00:00.000Z,1.6,81.63,5.77,3.58,8,4.11,586
2023-11-30T00:00:00.000Z,1.9,70.05,4.25,3.3,4.92,5.426,589
2023-12-01T00:00:00.000Z,1.52,56.08,3.2,2.5,5.09,5.236,579
2023-12-02T00:00:00.000Z,2.54,28.7,4.15,3.78,5.43,2.053,536
2023-12-03T00:00:00.000Z,3.17,13,4.18,3.85,4.55,0.734,585
2023-12-04T00:00:00.000Z,2.67,12.05,3.85,3.33,5.3,1.555,587
2023-12-05T00:00:00.000Z,3.4,18.42,6.38,5.38,7.68,1.981,573
2023-12-06T00:00:00.000Z,4.9,49.6,8.07,6.7,16.13,10.972,584
2023-12-07T00:00:00.000Z,4.57,30.52,12.5,7.55,18.23,5.899,581
2023-12-08T00:00:00.000Z,9.6,25.38,14.94,11.9,18.85,3.973,566
2023-12-09T00:00:00.000Z,2.47,19.42,8,4.5,11.49,4.109,577
2023-12-10T00:00:00.000Z,9.52,24.27,17.02,12.98,20.75,4.024,581
2023-12-11T00:00:00.000Z,2.7,22.05,10.38,6.46,12.74,4.319,577
2023-12-12T00:00:00.000Z,4.22,78.59,6.87,5.5,8,5.28,586
2023-12-13T00:00:00.000Z,2.13,54.65,4.75,3.44,5.53,4.101,588
2023-12-14T00:00:00.000Z,2.1,9.77,3.28,2.75,3.72,0.736,583
2023-12-15T00:00:00.000Z,2.4,24.08,4.8,3.95,9.64,3.824,588
2023-12-16T00:00:00.000Z,1.1,10.82,3.67,2.17,4.75,1.834,587
2023-12-17T00:00:00.000Z,1.08,52.67,2.76,2.1,4.32,4.666,590
2023-12-18T00:00:00.000Z,0.45,4.84,1.45,0.88,2.63,1.029,586
2023-12-19T00:00:00.000Z,0,5.95,1.1,0.68,2.39,1.018,577
2023-12-20T00:00:00.000Z,1.17,21.9,4.75,3,7.6,3.273,585
2023-12-21T00:00:00.000Z,0.3,8.18,2.49,1.05,4.95,2.164,590
2023-12-22T00:00:00.000Z,0.3,14.25,2.1,0.75,3.1,1.419,575
2023-12-23T00:00:00.000Z,1,9.27,2.29,2,2.72,0.949,586
2023-12-24T00:00:00.000Z,1.42,59.05,3.42,2.25,7.86,5.872,576
2023-12-25T00:00:00.000Z,1.4,65.72,4.44,2.92,6.8,4.761,584
2023-12-26T00:00:00.000Z,2.1,26.45,4.05,2.88,5.97,2.694,518
2023-12-27T00:00:00.000Z,0.8,20.2,2.02,1.4,2.9,2.306,583
2023-12-28T00:00:00.000Z,0.5,93.8,2.29,1.6,4.28,7.236,582
2023-12-29T00:00:00.000Z,0.77,69.72,5.13,3.2,8.25,5.956,577
2023-12-30T00:00:00.000Z,1.98,22.17,5.43,3.87,7.6,3.402,589
2023-12-31T00:00:00.000Z,0.73,20.23,2.67,1.63,3.35,1.794,586
2024-01-01T00:00:00.000Z,1.38,4.84,2.38,2.1,2.8,0.583,579
2024-01-02T00:00:00.000Z,1.1,5.35,2.02,1.65,2.5,0.601,503
2024-01-03T00:00:00.000Z,1,8.77,1.65,1.41,1.9,0.726,577
2024-01-04T00:00:00.000Z,1.2,29.73,3.38,2.78,3.75,2.233,587
2024-01-05T00:00:00.000Z,2.4,53.7,4.26,3.6,7.19,3.627,580
2024-01-06T00:00:00.000Z,3.22,25.75,5.7,4.55,9.19,3.134,591
2024-01-07T00:00:00.000Z,5.53,35.6,8.82,7.35,11.43,5.474,587
2024-01-08T00:00:00.000Z,2.1,9.73,3.85,3.2,4.5,1.052,586
2024-01-09T00:00:00.000Z,1,3.9,1.6,1.4,1.9,0.467,590
2024-01-10T00:00:00.000Z,0.32,2.6,0.9,0.7,1.1,0.343,583
2024-01-11T00:00:00.000Z,0.1,16.82,0.55,0.4,1.1,1.534,590
2024-01-12T00:00:00.000Z,0.2,8.38,0.63,0.4,1.1,0.805,589
2024-01-13T00:00:00.000Z,0.7,11.88,1.6,1.12,3.09,2.626,589
2024-01-14T00:00:00.000Z,0.8,10.07,1.5,1.23,2.4,2.11,583
2024-01-15T00:00:00.000Z,0.75,3.53,1.38,1.08,2.15,0.656,585
2024-01-16T00:00:00.000Z,2.1,19.39,3.5,2.93,5.13,2.253,575
2024-01-17T00:00:00.000Z,1.08,18.02,2.52,2.12,3.03,1.477,585
2024-01-18T00:00:00.000Z,0.88,14.23,1.73,1.4,2.35,0.856,592
2024-01-19T00:00:00.000Z,2.83,77.93,5.3,3.9,34.13,17.966,582
2024-01-20T00:00:00.000Z,4.38,25.47,7.96,6.6,12.1,4.127,592
2024-01-21T00:00:00.000Z,0.6,13.43,3.08,2.45,5.52,3.056,589
2024-01-22T00:00:00.000Z,0.7,10.35,3.75,2.5,4.82,1.926,588
2024-01-23T00:00:00.000Z,0.1,6.07,2.54,0.7,3.63,1.488,582
2024-01-24T00:00:00.000Z,0.4,18.77,2.13,1.08,5.19,4.029,573
2024-01-25T00:00:00.000Z,0.65,5.28,1.3,1,1.9,0.677,591
2024-01-26T00:00:00.000Z,0.28,13.23,1.88,0.9,4.93,2.914,591
2024-01-27T00:00:00.000Z,0.6,30.25,2.27,1.6,3.9,2.177,590
2024-01-28T00:00:00.000Z,1.23,5.65,2.42,2.02,2.72,0.584,592
2024-01-29T00:00:00.000Z,1.1,21.38,4.09,1.92,9.3,4.951,591
2024-01-30T00:00:00.000Z,6.5,44.8,17.23,13.93,21.3,5.786,591
2024-01-31T00:00:00.000Z,0.6,46.92,2,1.5,17.46,10.693,593
2024-02-01T00:00:00.000Z,0.4,3.97,1.17,0.8,1.55,0.534,567
2024-02-02T00:00:00.000Z,0.6,17.55,1.9,1.38,2.52,1.396,543
2024-02-03T00:00:00.000Z,0.5,2.8,1.02,0.85,1.4,0.388,580
2024-02-04T00:00:00.000Z,0.4,4.72,0.9,0.7,1.25,0.54,574
2024-02-05T00:00:00.000Z,0.5,17.85,1,0.8,2.08,1.433,590
2024-02-06T00:00:00.000Z,1.2,5.3,1.92,1.6,2.6,0.912,588
2024-02-07T00:00:00.000Z,1.42,9.68,2.47,2.04,3,1.233,585
2024-02-08T00:00:00.000Z,1.17,13.23,2.82,2.04,3.92,1.347,562
2024-02-09T00:00:00.000Z,1.4,48.58,2.97,2.5,3.65,3.296,583
2024-02-10T00:00:00.000Z,1.63,15.25,4.43,3.2,4.95,1.263,582
2024-02-11T00:00:00.000Z,2.9,22,7.72,5.82,9.86,3.946,588
2024-02-12T00:00:00.000Z,5.13,20.65,11.73,9.48,14.27,3.499,587
2024-02-13T00:00:00.000Z,2.08,78.56,7.22,4.57,8.43,4.187,586
2024-02-14T00:00:00.000Z,2.1,84.93,12.69,6.97,16.64,8.258,590
2024-02-15T00:00:00.000Z,4.25,54.85,22.83,17.64,30.85,9.15,574
2024-02-16T00:00:00.000Z,0.63,79.81,7.35,1.75,20.02,11.649,587
2024-02-17T00:00:00.000Z,0.1,28.65,0.5,0.3,0.9,3.218,586
2024-02-18T00:00:00.000Z,0.2,2.8,0.8,0.63,0.98,0.294,591
2024-02-19T00:00:00.000Z,0.5,25.83,10.18,7.99,12.3,4.695,593
2024-02-20T00:00:00.000Z,1.5,27.05,8.8,3.8,13.75,5.891,592
2024-02-21T00:00:00.000Z,2.8,25.52,9.05,6.3,12.59,4.373,589
2024-02-22T00:00:00.000Z,1,32.08,7.13,4.43,14.94,7.032,589
2024-02-23T00:00:00.000Z,0.52,36.33,1.6,1.2,17.2,10.311,591
2024-02-24T00:00:00.000Z,0.85,15.88,1.98,1.5,6.6,3.456,587
2024-02-25T00:00:00.000Z,2.02,45.42,6,3.85,10.27,6.954,590
2024-02-26T00:00:00.000Z,11.23,49.75,22.38,17.92,27.8,7.057,567
2024-02-27T00:00:00.000Z,6.47,68.15,12.98,10.07,17.23,6.658,589
2024-02-28T00:00:00.000Z,1.55,36.9,3.08,2.4,4.22,2.235,591
2024-02-29T00:00:00.000Z,2.1,15.07,5.92,4.88,8.69,3.073,588
2024-03-01T00:00:00.000Z,10.98,48.22,22.31,18.85,28.17,6.666,528
2024-03-02T00:00:00.000Z,11.8,37.03,16.75,14.5,27.83,6.928,587
2024-03-03T00:00:00.000Z,9.85,26.67,12.8,11.69,15.29,3.528,589
2024-03-04T00:00:00.000Z,8.38,55.72,18.17,13.87,22.64,9.467,581
2024-03-05T00:00:00.000Z,2.02,22.08,6.45,4.09,12.96,5.812,584
2024-03-06T00:00:00.000Z,1.8,15.77,4.13,2.54,6.44,3.048,580
2024-03-07T00:00:00.000Z,1,47.45,3.96,1.92,5.75,3.166,570
2024-03-08T00:00:00.000Z,1,7.5,2.7,2.13,3.67,1.018,582
2024-03-09T00:00:00.000Z,1.3,6.55,2.97,2.29,3.72,1.078,579
2024-03-10T00:00:00.000Z,1.05,3.05,1.85,1.6,2.13,0.368,584
2024-03-11T00:00:00.000Z,1.38,9.05,3,2,4.15,1.225,564
2024-03-12T00:00:00.000Z,2,7.68,3.71,2.9,4.9,1.282,578
2024-03-13T00:00:00.000Z,3.8,19.8,6.82,5.55,11.6,3.726,584
2024-03-14T00:00:00.000Z,0.4,38,16.63,1.6,30.55,13.676,583
2024-03-15T00:00:00.000Z,0.47,66.45,16.63,3.65,25.83,11.976,583
2024-03-16T00:00:00.000Z,0.2,38.29,6.76,0.5,22.88,12.139,588
2024-03-17T00:00:00.000Z,0.3,5.03,0.77,0.6,1.08,0.493,571
2024-03-18T00:00:00.000Z,0.3,6.82,1,0.67,1.4,0.969,589
2024-03-19T00:00:00.000Z,0.4,24.08,2.1,0.8,2.92,1.851,588
2024-03-20T00:00:00.000Z,3.13,52.63,11.93,5.63,23.8,10.688,587
2024-03-21T00:00:00.000Z,2.33,42.92,7.65,4.78,19.1,8.834,590
2024-03-22T00:00:00.000Z,0.7,22.15,5.78,3.9,7.24,2.769,509
2024-03-23T00:00:00.000Z,1.1,14.52,3.1,2.4,3.65,1.373,542
2024-03-24T00:00:00.000Z,0.6,6.63,2.15,1.83,2.5,0.654,577
2024-03-25T00:00:00.000Z,0.82,6.4,1.8,1.48,2.33,0.834,591
2024-03-26T00:00:00.000Z,1.6,21.63,4.4,3.4,12.48,5.623,590
2024-03-27T00:00:00.000Z,7.1,22.58,11.8,8.9,16.16,4.035,589
2024-03-28T00:00:00.000Z,2.8,44.13,9.82,4.15,19.3,8.517,583
2024-03-29T00:00:00.000Z,0.88,67.72,13.44,4.46,36.51,18.127,372
2024-03-30T00:00:00.000Z,0.8,7.13,2.15,1.52,2.8,1.125,583
2024-03-31T00:00:00.000Z,0.5,13.88,3.65,1.6,6.14,3.099,592
2024-04-01T00:00:00.000Z,0.5,13.45,2.59,1.3,8.69,4.08,536
2024-04-02T00:00:00.000Z,1.55,5.93,2.8,2.29,3.5,0.812,586
2024-04-03T00:00:00.000Z,0.88,8.1,1.48,1.25,1.75,0.484,586
2024-04-04T00:00:00.000Z,0.56,6.15,1.33,0.98,1.67,0.871,584
2024-04-05T00:00:00.000Z,0.6,49.6,6.93,2.8,14.35,9.387,581
2024-04-06T00:00:00.000Z,1.2,10.25,2.6,2.13,3.5,1.471,590
2024-04-07T00:00:00.000Z,0.35,248.38,3.25,2.1,6.78,11.35,591
2024-04-08T00:00:00.000Z,0.6,5.5,1.91,1.25,2.7,0.925,588
2024-04-09T00:00:00.000Z,0.7,7.55,2.25,1.5,3.2,1.392,579
2024-04-10T00:00:00.000Z,0.1,8.63,1.65,0.9,2.4,1.887,580
2024-04-11T00:00:00.000Z,0.3,5.9,2.17,1.8,2.75,1.148,565
2024-04-12T00:00:00.000Z,1.14,6.25,4.01,3.33,4.75,1.06,570
2024-04-13T00:00:00.000Z,0.1,31.88,1,0.6,1.75,1.872,591
2024-04-14T00:00:00.000Z,0,4.09,0.8,0.2,1.63,1.01,589
2024-04-15T00:00:00.000Z,0.1,2.6,0.32,0.2,0.6,0.477,591
2024-04-16T00:00:00.000Z,0.3,4.25,0.9,0.68,1.6,0.643,592
2024-04-17T00:00:00.000Z,0.2,3.15,1.17,0.5,1.75,0.716,581
2024-04-18T00:00:00.000Z,1.1,7.1,2.33,1.77,3.03,0.855,592
2024-04-19T00:00:00.000Z,1.12,7.3,2.04,1.7,2.9,1.628,586
2024-04-20T00:00:00.000Z,0.52,4.4,1.5,1.1,1.84,0.476,561
2024-04-21T00:00:00.000Z,0.93,3,1.8,1.6,2.08,0.33,591
2024-04-22T00:00:00.000Z,1.12,4.32,2.12,1.77,2.45,0.495,586
2024-04-23T00:00:00.000Z,0.9,4.93,2.35,1.4,3.3,0.982,583
2024-04-24T00:00:00.000Z,0.7,14.7,3.9,1.6,5.56,3.537,589
2024-04-25T00:00:00.000Z,0.3,12.4,5.32,1.95,8.6,3.445,590
2024-04-26T00:00:00.000Z,0.3,12.8,3.9,1.08,6.35,2.8,571
2024-04-27T00:00:00.000Z,2.08,20.73,6.34,4.34,8.65,3.627,590
2024-04-28T00:00:00.000Z,0.73,16.32,4.05,1.99,8.16,3.579,589
2024-04-29T00:00:00.000Z,0.35,16.57,2.9,1.1,3.88,1.64,591
2024-04-30T00:00:00.000Z,0.3,15.02,1.2,0.75,2.74,3.831,592
2024-05-01T00:00:00.000Z,0.2,16.77,0.6,0.5,2.17,4.776,560
2024-05-02T00:00:00.000Z,0.2,1.77,0.5,0.4,0.73,0.235,591
2024-05-03T00:00:00.000Z,0.45,2.65,0.9,0.77,1.14,0.413,589
2024-05-04T00:00:00.000Z,0.25,11.07,1,0.6,2.4,1.03,375
2024-05-05T00:00:00.000Z,0.2,4.97,1.48,0.93,2.54,1.117,473
2024-05-06T00:00:00.000Z,0.2,2.1,1.05,0.8,1.45,0.422,591
2024-05-07T00:00:00.000Z,0.55,2.8,1.2,0.9,1.67,0.514,590
2024-05-08T00:00:00.000Z,0.63,4.4,2.4,1.6,3.08,0.885,589
2024-05-09T00:00:00.000Z,1.52,22.17,4.46,2.71,9.69,5.228,592
2024-05-10T00:00:00.000Z,0.1,28.08,0.9,0.5,1.27,3.991,590
2024-05-11T00:00:00.000Z,0.3,22.05,1,0.73,1.5,1.332,590
2024-05-12T00:00:00.000Z,0.13,22.35,0.9,0.56,1.42,1.152,590
2024-05-13T00:00:00.000Z,0.35,2.38,0.93,0.7,1.48,0.453,588
2024-05-14T00:00:00.000Z,0.3,2.25,0.8,0.68,1.25,0.424,593
2024-05-15T00:00:00.000Z,0.2,2.17,0.73,0.6,0.95,0.328,589
2024-05-16T00:00:00.000Z,0.56,5.07,1.7,1.38,2.08,0.767,584
2024-05-17T00:00:00.000Z,1.4,6.38,2.45,2.1,3.79,1.135,589
2024-05-18T00:00:00.000Z,0.7,23.23,2.34,1.7,5.05,3.656,592
2024-05-19T00:00:00.000Z,0.4,12.18,1.7,1.42,2.22,1.11,590
2024-05-20T00:00:00.000Z,0,1.38,0.32,0.21,0.47,0.172,592
2024-05-21T00:00:00.000Z,0.1,1.58,0.4,0.3,0.5,0.178,592
2024-05-22T00:00:00.000Z,0.38,1.7,0.7,0.6,0.8,0.174,593
2024-05-23T00:00:00.000Z,0.75,5.82,1.4,1.14,2.2,0.964,592
2024-05-24T00:00:00.000Z,1.17,17.48,4,2.57,5.64,2.339,592
2024-05-25T00:00:00.000Z,1.35,24.17,3.35,2.29,7.3,4.035,591
2024-05-26T00:00:00.000Z,0.77,20.88,2.63,1.3,10.9,5.937,593
2024-05-27T00:00:00.000Z,1.38,6.5,2.8,2.04,4.28,1.333,590
2024-05-28T00:00:00.000Z,0.9,7.47,3.25,2.29,4.65,1.514,581
2024-05-29T00:00:00.000Z,0.5,9.19,3.32,1.27,4.37,1.765,592
2024-05-30T00:00:00.000Z,0.32,12.68,1.2,0.82,2.15,2.725,590
2024-05-31T00:00:00.000Z,1.6,5.32,3.35,2.7,3.92,0.79,592
2024-06-01T00:00:00.000Z,1.55,14.2,3.53,2.35,4.38,1.34,565
2024-06-02T00:00:00.000Z,1.25,12.32,2.88,2.38,3.49,0.885,592
2024-06-03T00:00:00.000Z,0.95,44.22,2.47,1.95,3.63,2.036,589
2024-06-04T00:00:00.000Z,0.4,4.38,1.26,0.8,2.04,0.806,586
2024-06-05T00:00:00.000Z,0.2,6.35,1.4,1.05,3.1,1.57,590
2024-06-06T00:00:00.000Z,1,11.65,2,1.7,2.33,0.786,587
2024-06-07T00:00:00.000Z,0.6,5.22,1.55,1.2,2,0.63,592
2024-06-08T00:00:00.000Z,0.93,16.64,2,1.66,6.21,3.598,592
2024-06-09T00:00:00.000Z,0.3,11.57,1.1,0.85,1.63,1.636,591
2024-06-10T00:00:00.000Z,0.1,3.47,0.77,0.4,1.6,0.711,590
2024-06-11T00:00:00.000Z,0.2,5.18,1.14,0.7,1.74,0.934,589
2024-06-12T00:00:00.000Z,0.1,19.98,0.63,0.34,1.9,3.018,589
2024-06-13T00:00:00.000Z,0.2,27.7,0.93,0.6,2.8,3.582,591
2024-06-14T00:00:00.000Z,0.5,6.97,1,0.82,1.3,0.941,590
2024-06-15T00:00:00.000Z,0.55,21.67,1.08,0.88,2.14,3.112,520
2024-06-16T00:00:00.000Z,0.38,22.9,1.3,0.8,5.47,4.617,591
2024-06-17T00:00:00.000Z,0.1,24.48,0.75,0.4,4.72,5.123,590
2024-06-18T00:00:00.000Z,0.45,8.73,2.04,1.1,3.22,1.635,586
2024-06-19T00:00:00.000Z,0,4.13,0.75,0.5,1.57,0.913,588
2024-06-20T00:00:00.000Z,0.2,5.45,0.9,0.62,1.42,0.645,588
2024-06-21T00:00:00.000Z,0.3,4.72,1,0.7,2.35,1.215,586
2024-06-22T00:00:00.000Z,0.1,3.28,0.6,0.4,1.2,0.792,582
2024-06-23T00:00:00.000Z,0.3,125.07,0.7,0.56,0.88,5.177,584
2024-06-24T00:00:00.000Z,0.4,6.55,1,0.8,1.34,0.485,588
2024-06-25T00:00:00.000Z,0.28,2.52,0.8,0.55,1.12,0.522,591
2024-06-26T00:00:00.000Z,0.7,2.15,1.25,1.12,1.38,0.199,591
2024-06-27T00:00:00.000Z,0.52,3.03,1.27,0.98,1.65,0.422,587
2024-06-28T00:00:00.000Z,1.3,8.35,2.94,2,4.32,1.396,570
2024-06-29T00:00:00.000Z,0.43,4.7,1,0.8,1.45,0.714,592
2024-06-30T00:00:00.000Z,0.5,5.72,1.7,1.25,3.1,1.106,591
2024-07-01T00:00:00.000Z,0.2,2.6,0.9,0.73,1.12,0.372,577
2024-07-02T00:00:00.000Z,0.3,8.63,0.95,0.7,1.14,0.429,589
2024-07-03T00:00:00.000Z,0.5,4.3,1.2,1,1.58,0.525,590
2024-07-04T00:00:00.000Z,0.1,6.13,1.1,0.79,1.9,1.048,592
2024-07-05T00:00:00.000Z,0.2,2.33,1,0.77,1.4,0.433,587
2024-07-06T00:00:00.000Z,0.56,8.27,1.33,1.08,3.09,1.386,592
2024-07-07T00:00:00.000Z,0.4,121.93,0.98,0.73,1.5,5.447,594
2024-07-08T00:00:00.000Z,0.2,1.88,0.8,0.6,0.98,0.252,591
2024-07-09T00:00:00.000Z,0.2,1.77,0.55,0.4,0.8,0.29,589
2024-07-10T00:00:00.000Z,0.1,5.6,0.7,0.4,1.1,0.795,590
2024-07-11T00:00:00.000Z,0.85,14.48,2.4,1.4,4.5,1.937,587
2024-07-12T00:00:00.000Z,0.45,363.08,1.2,0.9,1.8,18.763,591
2024-07-13T00:00:00.000Z,0.2,5.2,1.5,0.8,2.85,1.206,593
2024-07-14T00:00:00.000Z,0.08,7.2,0.88,0.4,1.85,1.356,591
2024-07-15T00:00:00.000Z,0.3,2.38,0.9,0.7,1.14,0.327,585
2024-07-16T00:00:00.000Z,0.3,8.48,1.17,0.8,2.2,1.536,591
2024-07-17T00:00:00.000Z,0,9.63,1.3,0.5,5.7,2.846,590
2024-07-18T00:00:00.000Z,0,3.13,0.4,0.2,1.5,0.814,591
2024-07-19T00:00:00.000Z,0,2.92,0.4,0.3,1.12,0.684,584
2024-07-20T00:00:00.000Z,0.3,3.6,1.37,0.9,1.92,0.761,590
2024-07-21T00:00:00.000Z,2.5,10.65,5.2,4.26,7.38,1.89,589
2024-07-22T00:00:00.000Z,3,8.88,6.1,4.38,6.94,1.441,588
2024-07-23T00:00:00.000Z,1,27.73,4.28,2.2,10.03,6.005,589
2024-07-24T00:00:00.000Z,0.56,4.78,1.33,0.9,2.29,0.888,590
2024-07-25T00:00:00.000Z,0.4,29.02,1.9,1,3.46,3.767,592
2024-07-26T00:00:00.000Z,0.28,4.03,1.1,0.7,2.04,0.841,589
2024-07-27T00:00:00.000Z,0.7,6.25,2.65,1.83,3.22,0.927,592
2024-07-28T00:00:00.000Z,0.3,6.03,1.2,0.8,1.63,0.684,591
2024-07-29T00:00:00.000Z,0.1,2,0.4,0.3,0.6,0.285,591
2024-07-30T00:00:00.000Z,0.17,15.93,1.1,0.5,1.45,0.881,562
2024-07-31T00:00:00.000Z,1.08,5.09,2.2,1.73,3,0.732,558
2024-08-01T00:00:00.000Z,0.38,4.75,0.7,0.6,0.9,0.58,563
2024-08-02T00:00:00.000Z,0.52,5.7,1.98,1.14,2.6,1.029,574
2024-08-03T00:00:00.000Z,0.6,6.1,2.9,1.6,3.8,1.311,574
2024-08-04T00:00:00.000Z,2.5,11.55,4.78,4.01,6.51,1.872,545
2024-08-05T00:00:00.000Z,3.03,17.27,7.93,5.15,9.75,2.876,559
2024-08-06T00:00:00.000Z,1.65,38,6,4.44,10.27,5.348,556
2024-08-07T00:00:00.000Z,1.1,16.5,3.4,2.16,5.73,3.012,549
2024-08-08T00:00:00.000Z,0.5,10.8,2.95,2.22,5.03,2.118,562
2024-08-09T00:00:00.000Z,0.7,9.05,2.35,1.47,3.71,1.599,537
2024-08-10T00:00:00.000Z,0.6,18.73,1.6,1.3,1.98,1.079,552
2024-08-11T00:00:00.000Z,0,15.8,0.3,0.1,1.14,1.328,579
2024-08-12T00:00:00.000Z,0,0.43,0.1,0.05,0.1,0.066,559
2024-08-13T00:00:00.000Z,0.1,1.08,0.22,0.2,0.3,0.116,553
2024-08-14T00:00:00.000Z,0,1.14,0.3,0.2,0.4,0.178,535
2024-08-15T00:00:00.000Z,0.4,5.55,0.95,0.8,1.67,1.142,493
2024-08-16T00:00:00.000Z,0.3,4.88,1.63,0.9,3.58,1.334,454
2024-08-17T00:00:00.000Z,0.5,3,1.2,1,1.38,0.296,543
2024-08-18T00:00:00.000Z,1.02,23,1.7,1.5,1.9,1.012,541
2024-08-19T00:00:00.000Z,0.8,4.09,1.99,1.42,2.54,0.715,546
2024-08-20T00:00:00.000Z,1.1,5.18,3.2,1.73,3.92,1.13,539
2024-08-21T00:00:00.000Z,3.6,20.1,5.68,5,8.61,2.892,541
2024-08-22T00:00:00.000Z,0.65,5.88,1.7,1.2,2.22,0.89,551
2024-08-23T00:00:00.000Z,0.56,10.25,3.1,2.66,4.25,1.845,557
2024-08-24T00:00:00.000Z,0.6,8.6,1.98,1.5,2.58,0.991,560
2024-08-25T00:00:00.000Z,0.3,14.88,3.83,2.72,5.13,1.895,562
2024-08-26T00:00:00.000Z,1.85,11.85,3.59,3,7.35,2.419,558
2024-08-27T00:00:00.000Z,2.95,12.3,7.45,5.37,9,2.312,549
2024-08-28T00:00:00.000Z,2.78,10.4,4.67,3.5,8.52,2.489,550
2024-08-29T00:00:00.000Z,4.68,43.33,11.6,7,19.1,7.202,551
2024-08-30T00:00:00.000Z,1.83,49.63,6.25,3.46,24.17,12.45,557
2024-08-31T00:00:00.000Z,1.1,13.15,3.88,1.73,9.6,3.898,554
2024-09-01T00:00:00.000Z,0.77,11.93,2.6,1.2,6.94,3.06,553
2024-09-02T00:00:00.000Z,3.4,5.25,4.38,4.05,4.78,0.489,34
2024-10-01T00:00:00.000Z,0.38,2.78,0.9,0.68,1.3,0.492,195
2024-10-02T00:00:00.000Z,0.1,1.8,0.56,0.4,0.9,0.34,567
2024-10-03T00:00:00.000Z,0.3,8.94,2.5,1.4,5,2.265,560
2024-10-04T00:00:00.000Z,0,11.32,2,0.7,3.75,2.293,572
2024-10-05T00:00:00.000Z,0.4,8.65,1.4,0.9,2.08,0.908,576
2024-10-06T00:00:00.000Z,0.32,7.05,1.88,0.87,2.64,1.321,561
2024-10-07T00:00:00.000Z,0.35,29.63,3.35,0.92,4.9,2.401,569
2024-10-08T00:00:00.000Z,0.7,17.52,5.78,4.07,11.47,4.397,564
2024-10-09T00:00:00.000Z,0.3,26.42,4.95,2.83,8.52,4.56,564
2024-10-10T00:00:00.000Z,0.08,26.13,3.65,1.8,5.9,5.14,570
2024-10-11T00:00:00.000Z,0.1,30.08,0.7,0.4,1.52,1.878,571
2024-10-12T00:00:00.000Z,0.28,7.6,1.42,1,1.95,1.361,581
2024-10-13T00:00:00.000Z,0.68,21.5,1.6,1.38,2.13,1.695,570
2024-10-14T00:00:00.000Z,0.5,27.85,1.9,1.42,2.65,3.166,567
2024-10-15T00:00:00.000Z,0.1,10.73,0.7,0.5,2.17,1.3,546
2024-10-16T00:00:00.000Z,0.1,65.93,1.12,0.76,2.09,5.933,585
2024-10-17T00:00:00.000Z,0.6,2.97,1.73,1.42,2,0.448,561
2024-10-18T00:00:00.000Z,2.15,15.9,4.95,4.18,8.85,3.13,574
2024-10-19T00:00:00.000Z,2.2,30.48,4.37,3.15,7.23,3.077,572
2024-10-20T00:00:00.000Z,3.1,33.63,11.24,7.59,19.67,7.292,576
2024-10-21T00:00:00.000Z,2.38,17.48,3.88,3.25,13.32,5.1,579
2024-10-22T00:00:00.000Z,1.63,5.38,3.58,2.74,4.2,0.876,565
2024-10-23T00:00:00.000Z,0.8,4.05,1.67,1.33,2.74,0.783,580
2024-10-24T00:00:00.000Z,0.63,5.97,2.24,1.5,3.1,0.953,560
2024-10-25T00:00:00.000Z,1.1,19.5,3.78,2.6,7.13,3.583,521
2024-10-26T00:00:00.000Z,3.92,34.54,9.35,7.31,12.44,5.353,560
2024-10-27T00:00:00.000Z,0.3,39.7,15.2,2.52,25.35,11.37,555
2024-10-28T00:00:00.000Z,0.52,5.35,2.2,1.76,3.28,0.964,548
2024-10-29T00:00:00.000Z,0,3.78,0.8,0.6,1.1,0.476,568
2024-10-30T00:00:00.000Z,0.1,3.8,0.6,0.4,0.75,0.433,559
2024-10-31T00:00:00.000Z,0.5,5.09,2.04,1.33,3.21,1.039,565
2024-11-01T00:00:00.000Z,0,3.13,0.5,0.25,2.1,0.965,542
2024-11-02T00:00:00.000Z,0.17,6.7,0.5,0.4,0.7,0.652,533
2024-11-03T00:00:00.000Z,0.03,5.8,0.5,0.2,0.73,0.676,530
2024-11-04T00:00:00.000Z,0,3.8,0.4,0.3,0.55,0.287,484
2024-11-05T00:00:00.000Z,0.4,3.5,1,0.8,1.48,0.508,400
2024-11-06T00:00:00.000Z,0.3,9.75,1.77,0.93,3.38,2.06,391
2024-11-07T00:00:00.000Z,0.2,7.72,0.7,0.47,1.91,1.175,501
2024-11-08T00:00:00.000Z,0.2,9.65,1.92,0.77,3.6,2.348,435
2024-11-09T00:00:00.000Z,1.6,16.5,5.38,3.08,7.35,3.05,382
2024-11-10T00:00:00.000Z,0.4,10.25,1.8,1.08,3.8,2.342,362
2024-11-11T00:00:00.000Z,1.8,23.3,4.73,3.35,10.15,4.714,427
2024-11-12T00:00:00.000Z,0.3,78.78,1.1,0.6,3.07,6.073,276
2024-11-13T00:00:00.000Z,0.47,12.77,1.84,1.1,4.82,2.582,362
2024-11-14T00:00:00.000Z,0.68,13.55,1.95,1.63,2.33,1.129,343
2024-11-15T00:00:00.000Z,1,3.28,1.75,1.52,2.02,0.352,515
2024-11-16T00:00:00.000Z,0.1,9.8,1.5,0.47,2.13,1.004,539
2024-11-17T00:00:00.000Z,0,5.09,0.9,0.31,2.04,0.886,549
2024-11-18T00:00:00.000Z,0.22,16.14,1.02,0.75,2.54,1.814,501
2024-11-19T00:00:00.000Z,0.98,5.63,2.33,1.88,2.85,0.715,450
2024-11-20T00:00:00.000Z,0.4,2.27,1.04,0.9,1.3,0.307,426
2024-11-21T00:00:00.000Z,0.2,9.65,1.5,1.1,1.85,0.892,419
2024-11-22T00:00:00.000Z,0.85,11.8,1.8,1.5,2.5,1.724,422
2024-11-23T00:00:00.000Z,0.47,5.3,1.7,1.35,2.29,0.812,330
2024-11-24T00:00:00.000Z,0.7,22.08,2.75,2.02,4.34,4.687,420
2024-11-25T00:00:00.000Z,1.77,10.8,2.97,2.54,3.47,1.462,439
2024-11-26T00:00:00.000Z,1.75,23.9,3.05,2.6,3.7,1.866,584
2024-11-27T00:00:00.000Z,0.13,5.8,1.77,1.27,2.08,0.703,581
2024-11-28T00:00:00.000Z,0.4,12.45,1.45,1.1,2.4,1.228,591
2024-11-29T00:00:00.000Z,0.5,6.75,1.65,1.08,2.42,1.036,590
2024-11-30T00:00:00.000Z,0.7,10.18,1.85,1.42,4.55,2.129,591
2024-12-01T00:00:00.000Z,1.52,31.38,4.25,2.92,6.49,2.566,500
2024-12-02T00:00:00.000Z,0.3,19.3,11.93,9.52,14.4,3.415,587
2024-12-03T00:00:00.000Z,0.1,9.23,1,0.5,2.38,1.566,590
2024-12-04T00:00:00.000Z,1.3,33.17,4.13,2.38,6.37,3.438,589
2024-12-05T00:00:00.000Z,1.83,17.77,4.69,3.41,7.34,3.123,592
2024-12-06T00:00:00.000Z,1.9,22.45,9.02,5.54,11.49,4.094,588
2024-12-07T00:00:00.000Z,4.15,21.63,9.02,7.17,12.22,4.167,589
2024-12-08T00:00:00.000Z,10.3,54.28,15.45,13.95,18.22,3.368,585
2024-12-09T00:00:00.000Z,0.9,14.25,1.77,1.4,3.1,2.172,585
2024-12-10T00:00:00.000Z,1.33,11.85,2.2,1.92,2.67,0.781,551
2024-12-11T00:00:00.000Z,0.95,16.95,2.17,1.75,2.85,1.61,575
2024-12-12T00:00:00.000Z,0.9,79.56,1.85,1.48,6.04,7.455,581
2024-12-13T00:00:00.000Z,0.95,46.38,4.45,1.98,6.45,4.195,547
2024-12-14T00:00:00.000Z,0.1,13.18,1.8,0.6,6.57,3.444,518
2024-12-15T00:00:00.000Z,0.1,50.4,1.3,0.5,2.22,2.999,592
2024-12-16T00:00:00.000Z,0,2.7,0.63,0.2,1.3,0.64,501
2024-12-17T00:00:00.000Z,0.2,6.25,0.65,0.47,1.01,0.623,525
2024-12-18T00:00:00.000Z,0.35,20.17,1.42,1,5.63,4.949,541
2024-12-19T00:00:00.000Z,0.5,4.84,2.5,2.1,3.25,0.85,234
2024-12-20T00:00:00.000Z,0.4,7.38,1.5,0.98,1.92,0.717,443
2024-12-21T00:00:00.000Z,0.3,23.55,1.92,1.3,3.92,4.197,515
2024-12-22T00:00:00.000Z,0.8,103.5,3.13,2.1,6.73,8.082,593
2024-12-23T00:00:00.000Z,2.29,105.95,8.38,4.82,23.77,14.684,578
2024-12-24T00:00:00.000Z,0.73,53.1,3.93,1.8,10.6,6.313,550
2024-12-25T00:00:00.000Z,0.2,5.78,1.3,0.95,1.67,0.637,591
2024-12-26T00:00:00.000Z,0.1,4.7,1.1,0.6,1.5,0.888,591
2024-12-27T00:00:00.000Z,0.1,12.23,1.07,0.5,2.35,1.861,590
2024-12-28T00:00:00.000Z,0.43,16.85,3.84,1.8,5.68,2.629,590
2024-12-29T00:00:00.000Z,0,4.45,0.4,0.2,1.15,0.845,489
2024-12-30T00:00:00.000Z,0,6.07,1.12,0.2,1.88,1.172,255
2024-12-31T00:00:00.000Z,0.7,19.75,1.35,1.1,4.94,2.718,405
2025-01-01T00:00:00.000Z,0.7,7.1,1.38,1.1,2.5,1.135,563
2025-01-02T00:00:00.000Z,0.7,8.02,1.3,1.05,1.6,0.705,591
2025-01-03T00:00:00.000Z,0.95,20.05,2.4,1.57,3.82,2.802,585
2025-01-04T00:00:00.000Z,0.88,9.93,1.7,1.35,2.27,1.089,591
2025-01-05T00:00:00.000Z,1.6,114.87,3.78,2.65,14.83,12.164,591
2025-01-06T00:00:00.000Z,1,56.53,4,2.83,5.95,3.653,591
2025-01-07T00:00:00.000Z,0.3,7.22,1.58,1.2,2,0.772,590
2025-01-08T00:00:00.000Z,0.6,31.8,2,1.75,2.29,2.207,591
2025-01-09T00:00:00.000Z,0.63,18.32,4.07,2,7.53,3.299,590
2025-01-10T00:00:00.000Z,0.6,13.68,3.08,1.8,3.55,2.094,591
2025-01-11T00:00:00.000Z,0.43,9.94,1.3,1.02,1.58,1.061,591
2025-01-12T00:00:00.000Z,0.4,11.7,1.3,0.98,2.27,1.53,589
2025-01-13T00:00:00.000Z,0.52,3.92,1.3,1,1.58,0.461,540
2025-01-14T00:00:00.000Z,0.55,4.53,2.4,1.9,2.85,0.732,407
2025-01-15T00:00:00.000Z,0.5,7.72,1.27,0.98,1.73,0.801,586
2025-01-16T00:00:00.000Z,0.2,5.85,1.48,0.6,2.83,1.421,590
2025-01-17T00:00:00.000Z,2,13.73,4.75,3.1,6.13,1.75,589
2025-01-18T00:00:00.000Z,1.9,23.55,6.43,5.82,7.21,2.348,585
2025-01-19T00:00:00.000Z,0.2,32.13,5.22,3.1,7.43,3.558,588
2025-01-20T00:00:00.000Z,0.8,18.77,6.72,4.51,10.35,4.198,588
2025-01-21T00:00:00.000Z,0.68,48.58,7.37,2.95,14.79,11.083,584
2025-01-22T00:00:00.000Z,3.22,28.9,17.3,10.98,21.38,6.214,587
2025-01-23T00:00:00.000Z,3.72,31.83,9.56,6.6,14.85,6.412,588
2025-01-24T00:00:00.000Z,0.6,20.17,4.5,1.8,6.35,3.53,586
2025-01-25T00:00:00.000Z,1,8,3.9,2.83,4.84,1.377,549
2025-01-26T00:00:00.000Z,1.45,13.93,2.6,2.08,3.42,3.282,217
2025-01-27T00:00:00.000Z,0.2,19.95,5.92,3.2,8.82,4.844,490
2025-01-28T00:00:00.000Z,3.95,54.67,13.48,8.84,17.94,6.763,593
2025-01-29T00:00:00.000Z,0.68,32.58,7.7,2.29,14.44,7.543,593
2025-01-30T00:00:00.000Z,0.3,12.52,1.44,0.6,4.34,2.987,430
2025-01-31T00:00:00.000Z,0.5,7.95,2.25,1.6,4.26,1.733,460
2025-02-01T00:00:00.000Z,0.3,5.6,0.98,0.6,1.52,0.831,351
2025-02-02T00:00:00.000Z,0.68,5.8,1.87,1.25,2.6,0.772,506
2025-02-03T00:00:00.000Z,0.3,9.1,1.7,0.8,2.72,1.357,587
2025-02-04T00:00:00.000Z,1.1,33.13,15.69,2.4,20.98,9.653,586
2025-02-05T00:00:00.000Z,1.67,27.13,10.73,2.77,15.88,7.68,586
2025-02-06T00:00:00.000Z,0.8,24.83,2.22,1.5,4.4,3.07,585
2025-02-07T00:00:00.000Z,1.48,12.82,5.07,3.3,7.13,2.625,540
2025-02-08T00:00:00.000Z,2.4,20.32,6.64,4.51,7.2,1.904,532
2025-02-09T00:00:00.000Z,6.07,20.88,9.23,7.88,11.75,2.558,570
2025-02-10T00:00:00.000Z,3.63,22.05,10.74,7.2,12.7,3.279,582
2025-02-11T00:00:00.000Z,1.7,25.45,7.95,6.3,10.48,4.067,291
2025-02-12T00:00:00.000Z,1.3,10.23,5.5,3.1,6.99,2.19,513
2025-02-13T00:00:00.000Z,0.75,8.77,1.77,1.3,4.38,2.206,496
2025-02-14T00:00:00.000Z,0.8,3.5,1.6,1.35,1.85,0.489,307
2025-02-15T00:00:00.000Z,0.5,4.72,2.2,1.4,2.8,0.904,447
2025-02-16T00:00:00.000Z,1,3.6,1.88,1.4,2.92,0.781,339
2025-02-17T00:00:00.000Z,0.2,12.27,0.82,0.7,1.77,1.957,434
2025-02-18T00:00:00.000Z,0.28,11.48,1.6,1,2.95,2.258,522
2025-02-19T00:00:00.000Z,0.35,76.18,2.45,1.05,8.88,7.089,579
2025-02-20T00:00:00.000Z,0.4,41.03,2.4,1.5,3.8,2.708,576
2025-02-21T00:00:00.000Z,4.95,71.5,33.83,29.5,43.24,15.2,565
2025-02-22T00:00:00.000Z,18.13,88.45,49.08,43.21,59.02,13.322,576
2025-02-23T00:00:00.000Z,2.83,70.9,35.36,23.15,41.45,14.989,584
2025-02-24T00:00:00.000Z,0.63,26.9,7.34,5.22,11.68,4.768,582
2025-02-25T00:00:00.000Z,5.95,45.25,21.64,14.99,29.71,8.989,580
2025-02-26T00:00:00.000Z,0.73,23.52,2.1,1.3,6.18,3.662,581
2025-02-27T00:00:00.000Z,1.14,12.82,3.47,2.33,4.5,1.809,413
2025-02-28T00:00:00.000Z,1.65,7.6,4.05,3.54,4.69,1.026,100
2025-03-01T00:00:00.000Z,2.38,26.73,5.09,3.72,6.9,2.16,388
2025-03-02T00:00:00.000Z,0.6,4.7,1.55,1.25,2,0.749,577
2025-03-03T00:00:00.000Z,1,4.2,2.25,1.77,2.7,0.569,574
2025-03-04T00:00:00.000Z,1.38,4.65,2.65,2.04,3.15,0.691,567
2025-03-05T00:00:00.000Z,1.35,4.8,3.28,2.85,3.58,0.586,575
2025-03-06T00:00:00.000Z,2.54,4.38,3.22,3,3.42,0.338,149
2025-03-07T00:00:00.000Z,2.25,15,3.8,3.15,4.84,3.627,421
2025-03-08T00:00:00.000Z,0.7,76.03,8.38,4.65,14.57,8.272,575
2025-03-09T00:00:00.000Z,2.08,27.48,7.05,5.3,10.57,3.911,571
2025-03-10T00:00:00.000Z,0.38,37.88,4.95,1.1,16,7.843,565
2025-03-11T00:00:00.000Z,0.3,1.73,0.7,0.6,0.88,0.212,582
2025-03-12T00:00:00.000Z,0.63,13.75,2.1,1.3,8.9,4.296,586
2025-03-13T00:00:00.000Z,1.1,11,3,2.38,4.5,1.921,363
2025-03-14T00:00:00.000Z,0.2,16.13,1.73,0.5,4.53,3.225,233
2025-03-15T00:00:00.000Z,1.55,2.1,1.65,1.58,1.9,0.198,8
2025-03-18T00:00:00.000Z,0.22,0.93,0.45,0.38,0.5,0.137,67
2025-03-19T00:00:00.000Z,0.1,3.88,0.7,0.5,1,0.494,591
2025-03-20T00:00:00.000Z,0.5,2.6,1.32,1.1,1.65,0.376,570
2025-03-21T00:00:00.000Z,0.1,7.78,1.4,0.8,3.65,1.988,593
2025-03-22T00:00:00.000Z,0.77,18.82,5.35,1.98,8.39,4.27,588
2025-03-23T00:00:00.000Z,1.4,7.18,3.3,2.42,4.3,1.185,594
2025-03-24T00:00:00.000Z,2.35,11.3,6.07,3.91,7.21,2.184,593
2025-03-25T00:00:00.000Z,3.97,19.98,8.34,6.45,15.18,4.687,592
2025-03-26T00:00:00.000Z,0.6,23.92,1.7,1.19,3,5.406,592
2025-03-27T00:00:00.000Z,0.77,2.6,1.3,1.13,1.5,0.305,224
2025-03-28T00:00:00.000Z,1.23,20.14,3.59,2.29,15.54,6.672,456
2025-03-29T00:00:00.000Z,2.1,28.6,6.78,5.19,17.38,7.416,569
2025-03-30T00:00:00.000Z,0.5,4.32,1.89,1.5,2.33,0.634,360
2025-03-31T00:00:00.000Z,0.2,2.42,1.2,0.8,1.45,0.458,529
2025-04-01T00:00:00.000Z,0.1,2.92,1.07,0.4,1.75,0.762,208
2025-04-02T00:00:00.000Z,0.2,21.73,0.63,0.43,1.3,1.693,179
2025-04-03T00:00:00.000Z,0.1,1.95,0.6,0.4,0.8,0.301,583
2025-04-04T00:00:00.000Z,0.1,2.65,0.55,0.38,0.8,0.316,590
2025-04-05T00:00:00.000Z,0.15,2.65,0.52,0.4,0.7,0.221,547
2025-04-06T00:00:00.000Z,0.22,2.17,0.68,0.52,0.85,0.229,349
2025-04-07T00:00:00.000Z,0.1,2.47,0.5,0.3,0.6,0.235,332
2025-04-08T00:00:00.000Z,0.1,1.95,0.7,0.5,0.89,0.294,584
2025-04-09T00:00:00.000Z,0.1,4.13,0.73,0.5,1.08,0.507,567
2025-04-10T00:00:00.000Z,0.2,3.85,0.8,0.6,1,0.353,588
2025-04-11T00:00:00.000Z,0,1.77,0.4,0.22,0.63,0.315,590
2025-04-12T00:00:00.000Z,0.4,21.1,1.12,0.7,1.5,0.958,590
2025-04-13T00:00:00.000Z,0.56,19.5,2.17,1.12,14.48,6.618,570
2025-04-14T00:00:00.000Z,0.3,27.95,1.8,0.98,14.5,8.147,591
2025-04-15T00:00:00.000Z,0.5,3,1.2,0.98,1.48,0.405,572
2025-04-16T00:00:00.000Z,1.5,22.02,5.18,4.13,7.8,4.834,587
2025-04-17T00:00:00.000Z,2.52,25.13,10.95,7.89,13.7,4.484,593
2025-04-18T00:00:00.000Z,5.8,36.79,11.98,8.34,19.95,7.509,593
2025-04-19T00:00:00.000Z,0.25,29.38,1.99,0.56,4.03,4.716,506
2025-04-20T00:00:00.000Z,0.2,6.7,1.05,0.7,1.5,1.101,593
2025-04-21T00:00:00.000Z,0.5,10.88,2.27,1.5,3.88,2.139,592
2025-04-22T00:00:00.000Z,1.2,21.13,5.85,2.4,8.3,3.932,594
2025-04-23T00:00:00.000Z,0.3,22.75,1.8,1.05,6.84,6.242,593
2025-04-24T00:00:00.000Z,0.1,1.6,0.4,0.3,0.7,0.323,593
2025-04-25T00:00:00.000Z,0.1,2.38,0.59,0.3,0.9,0.411,592
2025-04-26T00:00:00.000Z,0.1,4.55,0.52,0.3,0.7,0.327,591
2025-04-27T00:00:00.000Z,0.4,13.4,0.8,0.68,1,0.698,592
2025-04-28T00:00:00.000Z,0.1,6.45,1.3,0.94,1.72,1.148,592
2025-04-29T00:00:00.000Z,0,1.2,0.2,0.1,0.3,0.136,593
2025-04-30T00:00:00.000Z,0,9.9,0.3,0.2,0.98,2.593,592
2025-05-01T00:00:00.000Z,0.1,19.17,0.98,0.52,2.17,2.856,592
2025-05-02T00:00:00.000Z,0.2,63,0.98,0.5,3.08,2.986,542
2025-05-03T00:00:00.000Z,0,3.63,0.34,0.2,0.62,0.648,492
2025-05-04T00:00:00.000Z,0.4,6.93,1.1,0.8,1.58,0.891,593
2025-05-05T00:00:00.000Z,0.22,1.75,0.7,0.6,0.89,0.242,592
2025-05-06T00:00:00.000Z,0.2,3.78,0.7,0.47,0.9,0.505,591
2025-05-07T00:00:00.000Z,0.5,2.27,1.1,0.88,1.4,0.356,590
2025-05-08T00:00:00.000Z,0.3,12.75,0.9,0.75,1.3,0.79,592
2025-05-09T00:00:00.000Z,0.8,49.4,2.04,1.8,2.38,3.498,591
2025-05-10T00:00:00.000Z,0.77,10.85,1.4,1.2,1.8,0.638,579
2025-05-11T00:00:00.000Z,0.7,5.38,1.52,1.27,1.9,0.723,583
2025-05-12T00:00:00.000Z,0.6,174.63,1.2,0.93,1.94,7.283,592
2025-05-13T00:00:00.000Z,0.7,5.38,1.7,1.1,2.4,0.83,593
2025-05-14T00:00:00.000Z,0.4,6.47,1.14,0.88,2.12,1.054,593
2025-05-15T00:00:00.000Z,0.7,8.27,1.65,1.25,2.4,1.209,593
2025-05-16T00:00:00.000Z,0.3,6.55,1.38,1,2,1.066,592
2025-05-17T00:00:00.000Z,0.7,3.83,1.48,1.17,1.95,0.609,593
2025-05-18T00:00:00.000Z,0.82,5.85,1.7,1.33,2.2,0.722,593
2025-05-19T00:00:00.000Z,0.2,6.25,1.32,0.69,1.8,0.733,592
2025-05-20T00:00:00.000Z,0.4,6.93,1.02,0.9,1.2,0.447,592
2025-05-21T00:00:00.000Z,0.35,3.83,1.25,1,1.7,0.526,592
2025-05-22T00:00:00.000Z,0.7,5.85,2.47,1.7,2.88,0.911,593
2025-05-23T00:00:00.000Z,0.1,4.63,0.8,0.47,1.51,1.059,593
2025-05-24T00:00:00.000Z,0.2,525.83,0.88,0.6,1.35,22.579,592
2025-05-25T00:00:00.000Z,0.9,18.6,2.17,1.8,3.45,1.481,591
2025-05-26T00:00:00.000Z,0.25,9.19,1.1,0.8,3.75,2.194,592
2025-05-27T00:00:00.000Z,0.7,6,1.42,1.1,2.29,0.706,593
2025-05-28T00:00:00.000Z,0.43,4.97,1.27,1,2.7,1.033,594
2025-05-29T00:00:00.000Z,0.38,2.88,0.82,0.65,1.47,0.644,593
2025-05-30T00:00:00.000Z,0.3,4.4,1,0.75,1.3,0.427,590
2025-05-31T00:00:00.000Z,0,205.18,0.4,0.15,1,9.621,594
2025-06-01T00:00:00.000Z,0.2,8.55,1.02,0.6,1.42,0.993,590
2025-06-02T00:00:00.000Z,0.5,13.3,1.1,0.9,2.4,2.27,586
2025-06-03T00:00:00.000Z,0.77,4.47,1.8,1.45,2.25,0.543,592
2025-06-04T00:00:00.000Z,0.9,35.45,4.45,2.38,7.89,6.442,588
2025-06-05T00:00:00.000Z,0.7,33.28,1.8,1.4,2.31,7.171,593
2025-06-06T00:00:00.000Z,0.5,12.13,1.95,1.52,3,2.214,591
2025-06-07T00:00:00.000Z,0.38,129.22,0.82,0.7,1,5.387,592
2025-06-08T00:00:00.000Z,0.32,70.63,0.88,0.7,1.1,2.902,586
2025-06-09T00:00:00.000Z,0.25,6.07,0.65,0.5,1.35,0.644,590
2025-06-10T00:00:00.000Z,0.4,29.42,1.73,0.88,15.55,8.866,592
2025-06-11T00:00:00.000Z,1.92,20.95,8.48,4.42,12.48,4.853,589
2025-06-12T00:00:00.000Z,0.1,6.65,0.4,0.3,0.6,0.906,525
2025-06-13T00:00:00.000Z,0.13,3.38,0.5,0.4,0.7,0.29,591
2025-06-14T00:00:00.000Z,0.2,44.88,0.56,0.5,0.68,1.837,593
2025-06-15T00:00:00.000Z,0.6,3.5,1.52,1.3,1.89,0.52,373
2025-06-16T00:00:00.000Z,1.02,5.9,2.45,1.99,3.65,1.218,453
2025-06-17T00:00:00.000Z,0.38,8.75,2.8,1.6,6.6,2.614,594
2025-06-18T00:00:00.000Z,0,8.44,1.58,1,3.96,2.591,593
2025-06-19T00:00:00.000Z,0.2,2.27,0.8,0.6,1.25,0.466,594
2025-06-20T00:00:00.000Z,0.3,5.88,0.75,0.6,1.08,0.452,590
2025-06-21T00:00:00.000Z,0,3.28,0.89,0.2,1.9,0.948,586
2025-06-22T00:00:00.000Z,0.47,2.58,1,0.8,1.14,0.288,594
2025-06-23T00:00:00.000Z,0.9,23.55,2.6,2.08,4.45,4.371,595
2025-06-24T00:00:00.000Z,0.2,4.05,0.82,0.5,1.8,0.957,594
2025-06-25T00:00:00.000Z,0.3,3.03,1.2,0.7,1.7,0.613,594
2025-06-26T00:00:00.000Z,0.43,2.95,1.33,0.92,1.6,0.466,593
2025-06-27T00:00:00.000Z,0.2,4.5,1.1,0.64,2.9,1.205,592
2025-06-28T00:00:00.000Z,0.4,5.32,1.3,0.8,2.25,0.985,593
2025-06-29T00:00:00.000Z,0.2,40.83,1.33,0.56,2.08,2.513,593
2025-06-30T00:00:00.000Z,0.1,1.05,0.38,0.3,0.56,0.19,420
2025-07-01T00:00:00.000Z,0.2,3.05,0.7,0.4,1.02,0.643,593
2025-07-02T00:00:00.000Z,0.7,4.15,2.1,1.85,2.45,0.545,591
2025-07-03T00:00:00.000Z,0,7.7,1.01,0.4,4.2,1.943,592
2025-07-04T00:00:00.000Z,0.1,17.48,0.63,0.3,0.88,0.816,592
2025-07-05T00:00:00.000Z,0.9,4.84,1.92,1.63,2.72,0.708,593
2025-07-06T00:00:00.000Z,0.6,4.28,1.41,1,2.2,0.802,542
2025-07-07T00:00:00.000Z,0.4,4.97,1.3,0.95,2.31,1.108,593
2025-07-08T00:00:00.000Z,0.3,3.53,1.23,0.6,1.73,0.646,594
2025-07-09T00:00:00.000Z,0.4,24.13,1.1,0.8,1.5,1.508,592
2025-07-10T00:00:00.000Z,0.6,3.45,1.4,1.2,1.65,0.439,594
2025-07-11T00:00:00.000Z,1.17,6.1,2.88,2.47,3.65,1.112,594
2025-07-12T00:00:00.000Z,3.45,19.23,7.17,4.57,13.25,4.864,594
2025-07-13T00:00:00.000Z,0.7,36.1,1.7,1.38,5,3.098,591
2025-07-14T00:00:00.000Z,1.58,17.8,9.35,7.09,12.74,3.908,593
2025-07-15T00:00:00.000Z,1.95,32.63,6.07,3.75,7.88,5.488,594
2025-07-16T00:00:00.000Z,2.4,13.52,5.43,4.82,6.13,1.598,594
2025-07-17T00:00:00.000Z,1.5,3.47,2.33,2.04,2.63,0.376,594
2025-07-18T00:00:00.000Z,1.48,6.45,2.4,2,3.88,1.144,594
2025-07-19T00:00:00.000Z,1.5,7.6,2.78,2.25,3.4,1.191,594
2025-07-20T00:00:00.000Z,1.5,5.15,2.66,2.33,3.35,0.765,588
2025-07-21T00:00:00.000Z,1.8,16.48,3.28,2.66,3.6,0.904,593
2025-07-22T00:00:00.000Z,1.3,5.78,3.42,2.83,4.29,0.975,593
2025-07-23T00:00:00.000Z,2.2,8.63,4.5,3.83,5.25,1.151,594
2025-07-24T00:00:00.000Z,1.92,10.43,4.46,3.2,6.55,2.114,594
2025-07-25T00:00:00.000Z,0.5,11.25,3.25,1.8,5.13,2.677,594
2025-07-26T00:00:00.000Z,3.3,16.05,7.77,5.2,9.23,2.44,594
2025-07-27T00:00:00.000Z,2.29,12.38,4.45,3.32,6.52,2.595,593
2025-07-28T00:00:00.000Z,1.2,10.6,4.59,3.22,7.63,2.469,594
2025-07-29T00:00:00.000Z,0.2,12.05,3.72,1.4,5.07,2.779,594
2025-07-30T00:00:00.000Z,1.3,9.77,2.96,1.95,4.3,1.705,594
2025-07-31T00:00:00.000Z,1.8,12.1,3.12,2.63,5.57,2.529,592
2025-08-01T00:00:00.000Z,1.8,11.27,4.95,3.67,6.79,1.962,592
2025-08-02T00:00:00.000Z,0.7,29.4,2.04,1.2,5.15,2.97,594
2025-08-03T00:00:00.000Z,0.8,6.7,2.15,1.3,2.79,1.306,593
2025-08-04T00:00:00.000Z,0.05,18.57,2.4,0.7,5.78,3.355,591
2025-08-05T00:00:00.000Z,0.6,13,1.6,1.2,2.04,0.944,567
2025-08-06T00:00:00.000Z,0.9,3.67,2.08,1.6,2.65,0.625,526
2025-08-07T00:00:00.000Z,0.9,20.98,2.52,2.08,2.9,1.058,571
2025-08-08T00:00:00.000Z,1.8,5.88,3.03,2.7,3.4,0.658,579
2025-08-09T00:00:00.000Z,1.1,12.02,2.22,1.9,3.1,1.251,569
2025-08-10T00:00:00.000Z,0.35,4.2,1.73,1,2.4,0.852,591
2025-08-11T00:00:00.000Z,0.2,2.8,0.7,0.52,1,0.491,593
2025-08-12T00:00:00.000Z,0.5,2.54,1.52,1,1.88,0.499,595
2025-08-13T00:00:00.000Z,1.27,7.75,2.04,1.77,2.5,0.621,580
2025-08-14T00:00:00.000Z,1.4,6.38,2.16,1.9,3.17,0.793,586
2025-08-15T00:00:00.000Z,0.68,6.75,2.95,2.5,3.3,1.124,491
2025-08-16T00:00:00.000Z,0,1.35,0.2,0.1,0.3,0.202,584
2025-08-17T00:00:00.000Z,0.1,6.35,0.4,0.3,0.68,0.377,591
2025-08-18T00:00:00.000Z,0.47,2.29,0.9,0.7,1.4,0.402,592
2025-08-19T00:00:00.000Z,0.03,2.04,0.43,0.2,1,0.482,594
2025-08-20T00:00:00.000Z,0.1,1.14,0.4,0.28,0.5,0.184,577
2025-08-21T00:00:00.000Z,0.1,3.13,0.6,0.38,1,0.49,377
2025-08-22T00:00:00.000Z,0,2.65,0.5,0.3,0.73,0.331,381
2025-08-23T00:00:00.000Z,0,1.4,0.4,0.2,0.6,0.248,588
2025-08-24T00:00:00.000Z,0,0.9,0.28,0.2,0.4,0.151,592
2025-08-25T00:00:00.000Z,0,1.5,0.2,0.2,0.35,0.202,592
2025-08-26T00:00:00.000Z,0.1,4.78,0.4,0.3,1.2,0.721,595
2025-08-27T00:00:00.000Z,0.1,11.4,0.89,0.3,2,1.428,594
2025-08-28T00:00:00.000Z,0.8,26.73,2.38,1.5,3.2,3.25,593
2025-08-29T00:00:00.000Z,0.93,18.77,3.6,2.67,5.83,2.626,595
2025-08-30T00:00:00.000Z,1,19.73,2,1.7,2.7,2.041,595
2025-08-31T00:00:00.000Z,3.28,27.8,5.47,4.53,7.88,4.308,593
2025-09-01T00:00:00.000Z,3,14.07,5.97,4,8.8,2.852,594
2025-09-02T00:00:00.000Z,1.8,14.32,2.63,2.29,4.7,2.359,594
2025-09-03T00:00:00.000Z,0.4,22.33,3.28,1.17,7.77,5.065,595
2025-09-04T00:00:00.000Z,0.7,14.53,2.9,1.43,5.23,2.544,594
2025-09-05T00:00:00.000Z,0.4,41.63,4.9,1.12,13.55,9.134,473
2025-09-06T00:00:00.000Z,5.93,12.35,10.02,8.34,11.5,1.895,13
2025-09-07T00:00:00.000Z,0.9,7.72,2.29,1.6,2.8,1.183,260
2025-09-08T00:00:00.000Z,1.8,26.42,5.9,2.9,15.3,6.914,307
2025-09-09T00:00:00.000Z,3.42,45.67,9.3,5.07,15.87,8.327,591
2025-09-10T00:00:00.000Z,3.4,30.13,9.52,6.22,11.9,4.07,561
2025-09-11T00:00:00.000Z,3.88,22.8,9.83,7.5,14.1,3.99,591
2025-09-12T00:00:00.000Z,0.6,37.03,2.86,1.53,7.13,5.756,594
2025-09-13T00:00:00.000Z,0.5,9.9,1.5,1.03,1.85,0.734,594
2025-09-14T00:00:00.000Z,0.4,14.87,3.2,1.4,5.8,2.943,595
2025-09-15T00:00:00.000Z,0.2,6.4,2.31,0.65,3.1,1.341,506
2025-09-16T00:00:00.000Z,0.56,3.37,1.57,1.27,2,0.56,594
2025-09-17T00:00:00.000Z,0.32,3.2,1.5,0.9,2.02,0.657,594
2025-09-18T00:00:00.000Z,0.4,4.26,1.77,1.37,2.27,0.825,594
2025-09-19T00:00:00.000Z,1.17,4.45,2.33,1.9,3.2,0.775,578
2025-09-20T00:00:00.000Z,0.9,8.1,2.02,1.55,2.6,1.768,475
2025-09-21T00:00:00.000Z,0.3,8.23,3.2,2.38,4.5,1.709,593
2025-09-22T00:00:00.000Z,0,3.3,0.2,0.1,0.32,0.276,591
2025-09-23T00:00:00.000Z,0.1,221.15,0.4,0.3,0.56,13.91,595
2025-09-24T00:00:00.000Z,0.1,9.93,0.39,0.25,1,0.88,594
2025-09-25T00:00:00.000Z,0,9.77,1.29,0.3,1.8,1.096,594
2025-09-26T00:00:00.000Z,0.1,11.1,1.2,0.5,3.09,1.631,592
2025-09-27T00:00:00.000Z,0.3,62.28,1.83,0.8,3.45,4.193,593
2025-09-28T00:00:00.000Z,0.17,27.95,1.5,0.59,2.29,5.011,588
2025-09-29T00:00:00.000Z,0.2,3.45,0.63,0.47,1.05,0.438,591
2025-09-30T00:00:00.000Z,0.3,14.9,0.9,0.6,2.8,2.066,594
2025-10-01T00:00:00.000Z,0.6,15.18,3.2,2.47,6.07,2.909,583
2025-10-02T00:00:00.000Z,1,10.93,5.47,2.6,6.72,2.262,577
2025-10-03T00:00:00.000Z,1,30.07,2.73,1.65,6.57,2.987,562
2025-10-04T00:00:00.000Z,1.1,12.13,2.1,1.75,2.9,2.057,587
2025-10-05T00:00:00.000Z,0.2,5.8,1.42,0.95,2.1,0.926,594
2025-10-06T00:00:00.000Z,0.6,7.55,2.8,1.8,4.09,1.574,594
2025-10-07T00:00:00.000Z,0.35,8.9,1.17,0.7,3.96,2.045,588
2025-10-08T00:00:00.000Z,0.3,18.53,1.2,0.9,1.73,1.457,593
2025-10-09T00:00:00.000Z,0.4,12.2,1.45,1,2.33,1.075,595
2025-10-10T00:00:00.000Z,0.3,2.63,1.02,0.8,1.7,0.546,593
2025-10-11T00:00:00.000Z,0.2,73.4,1,0.73,1.53,5.645,593
2025-10-12T00:00:00.000Z,0,2.9,0.3,0.2,0.4,0.218,586
2025-10-13T00:00:00.000Z,0.1,10.73,0.32,0.23,0.47,1.278,594
2025-10-14T00:00:00.000Z,0,6.25,0.6,0.5,0.9,0.516,586
2025-10-15T00:00:00.000Z,0.1,3.43,0.95,0.43,1.4,0.649,591
2025-10-16T00:00:00.000Z,0.22,15.6,1.15,0.9,1.52,1.461,506
2025-10-17T00:00:00.000Z,0.13,2,0.64,0.4,0.9,0.355,588
2025-10-18T00:00:00.000Z,0.2,23.05,0.7,0.5,2.35,2.826,594
2025-10-19T00:00:00.000Z,0.23,4.97,0.96,0.6,1.48,0.818,594
2025-10-20T00:00:00.000Z,0.2,3.37,0.8,0.6,1.1,0.478,593
2025-10-21T00:00:00.000Z,0.7,7.68,4.09,2.83,5.07,1.531,593
2025-10-22T00:00:00.000Z,7.03,48.47,26.27,21.38,33,9.9,594
2025-10-23T00:00:00.000Z,2.29,43.9,21.8,15.07,29.67,9.89,594
2025-10-24T00:00:00.000Z,1.6,59.03,18.38,11.88,26.43,15.095,595
2025-10-25T00:00:00.000Z,1.3,10.77,2.77,2.1,3.76,1.676,593
2025-10-26T00:00:00.000Z,1.1,16.03,3.7,2.5,5.5,2.579,595
2025-10-27T00:00:00.000Z,0.1,14.45,0.9,0.6,1.72,2.583,593
2025-10-28T00:00:00.000Z,0.3,8.5,1.89,1,3.4,1.772,594
2025-10-29T00:00:00.000Z,0.5,18,3.37,1.3,5.7,2.947,595
2025-10-30T00:00:00.000Z,1.1,9.47,4.05,2.8,5.93,1.842,595
2025-10-31T00:00:00.000Z,0.2,6.35,0.8,0.5,1.4,1.16,595
2025-11-01T00:00:00.000Z,0.1,5.09,1.17,0.6,1.7,0.942,595
2025-11-02T00:00:00.000Z,1.53,19.77,3.13,2.3,5.15,3.757,595
2025-11-03T00:00:00.000Z,0.35,18.7,1.8,1,4.19,2.138,593
2025-11-04T00:00:00.000Z,0.2,7.97,0.77,0.5,2.06,1.708,595
2025-11-05T00:00:00.000Z,0.1,5.7,1.83,1.33,2.8,1.083,595
2025-11-06T00:00:00.000Z,2.29,23.45,8.47,5.44,10.89,3.827,593
2025-11-07T00:00:00.000Z,0.77,111.95,8.25,2.25,35.13,20.38,595
2025-11-08T00:00:00.000Z,3.67,66.77,15.1,7,32.47,14.832,595
2025-11-09T00:00:00.000Z,0.5,29.05,4.21,1.63,8.48,5.245,594
2025-11-10T00:00:00.000Z,0.3,2.92,1.4,0.7,1.87,0.641,342